SMILES,ID,r_i_docking_score,Product,Similarity_to_query,BB,Reaction_name,BB_source,BB_URL,mw,logp,hba,hbd,tpsa,qed,num_rotatable_bonds,fsp3,esol,pka,logd,cns_mpo_score,stoplight_color,plot_color
Cc1[nH]ccc1C(=O)NCc1nc(C(=O)NC[C@H](O)c2cccc(C(F)(F)F)c2)cs1,enum-027480,-9.41677,Cc1[nH]ccc1C(=O)NCc1nc(C(=O)NCC(O)c2cccc(C(F)(F)F)c2)cs1,0.52,NCC(O)c1cccc(C(F)(F)F)c1,amide_coupling-1,EU_stock,https://www.enaminestore.com/catalog/EN300-145628,452.458,3.192,5,4,107.11,0.442,7,0.25,14.741,2.389,2.718,3.314,yellow,gold
Cc1[nH]ccc1C(=O)NCc1nc(C(=O)N(C)C[C@H](O)COc2ccc(C(F)(F)F)cc2)cs1,enum-040009,-9.00505,Cc1[nH]ccc1C(=O)NCc1nc(C(=O)N(C)CC(O)COc2ccc(C(F)(F)F)cc2)cs1,0.48,CNCC(O)COc1ccc(C(F)(F)F)cc1,amide_coupling-1,EU_stock,https://www.enaminestore.com/catalog/EN300-51132,496.511,3.24,6,3,107.55,0.422,9,0.318,16.867,2.392,2.56,3.206,yellow,gold
Cc1[nH]ccc1C(=O)NCc1nc(C(=O)N[C@@H](CO)c2cc(F)c(F)c(F)c2)cs1,enum-015352,-8.95125,Cc1[nH]ccc1C(=O)NCc1nc(C(=O)NC(CO)c2cc(F)c(F)c(F)c2)cs1,0.56,Cl.NC(CO)c1cc(F)c(F)c(F)c1,amide_coupling-1,EU_stock,https://www.enaminestore.com/catalog/EN300-117419,438.431,2.59,5,4,107.11,0.426,7,0.211,64.807,2.381,2.296,3.722,yellow,gold
Cc1[nH]ccc1C(=O)NCc1nc(C(=O)NC[C@H](O)c2c(C)[nH]c3ccccc23)cs1,enum-033978,-8.92344,Cc1[nH]ccc1C(=O)NCc1nc(C(=O)NCC(O)c2c(C)[nH]c3ccccc23)cs1,0.51,Cc1[nH]c2ccccc2c1C(O)CN,amide_coupling-1,EU_stock,https://www.enaminestore.com/catalog/EN300-1709324,437.525,2.963,5,5,122.9,0.305,7,0.227,30.515,2.669,2.021,3.436,yellow,gold
COc1ccc(Cl)cc1NC(=O)CCNC(=O)c1csc(CNC(=O)c2cc[nH]c2C)n1,enum-040307,-8.8058,COc1ccc(Cl)cc1NC(=O)CCNC(=O)c1csc(CNC(=O)c2cc[nH]c2C)n1,0.48,COc1ccc(Cl)cc1NC(=O)CCN,amide_coupling-1,EU_stock,https://www.enaminestore.com/catalog/EN300-98462,475.958,3.13,6,4,125.21,0.378,9,0.238,16.932,4.386,2.617,2.798,red,red
Cc1[nH]ccc1C(=O)NCc1nc(C(=O)NC[C@@H](O)c2cccc(OCc3ccccc3)c2)cs1,enum-040874,-8.79444,Cc1[nH]ccc1C(=O)NCc1nc(C(=O)NCC(O)c2cccc(OCc3ccccc3)c2)cs1,0.47,NCC(O)c1cccc(OCc2ccccc2)c1,amide_coupling-1,EU_stock,https://www.enaminestore.com/catalog/EN300-107828,490.585,3.752,6,4,116.34,0.27,10,0.192,5.592,2.414,3.117,2.255,red,red
COC(=O)[C@H](NC(=O)c1csc(CNC(=O)c2cc[nH]c2C)n1)c1ccc(F)c(C)c1,enum-029017,-8.75752,COC(=O)C(NC(=O)c1csc(CNC(=O)c2cc[nH]c2C)n1)c1ccc(F)c(C)c1,0.52,COC(=O)C(N)c1ccc(F)c(C)c1.Cl,amide_coupling-1,EU_stock,https://www.enaminestore.com/catalog/EN300-140009,444.488,2.801,6,3,113.18,0.485,7,0.238,20.038,2.369,2.483,3.549,yellow,gold
COc1ccc([C@@H](O)CNC(=O)c2csc(CNC(=O)c3cc[nH]c3C)n2)cc1OC,enum-025732,-8.73606,COc1ccc(C(O)CNC(=O)c2csc(CNC(=O)c3cc[nH]c3C)n2)cc1OC,0.53,COc1ccc(C(O)CN)cc1OC,amide_coupling-1,EU_stock,https://www.enaminestore.com/catalog/EN300-144212,444.513,2.19,7,4,125.57,0.401,9,0.286,57.168,2.39,1.765,3.396,yellow,gold
Cc1[nH]ccc1C(=O)NCc1nc(C(=O)NC[C@H](O)c2cccc(OC3CCCC3)c2)cs1,enum-041912,-8.67975,Cc1[nH]ccc1C(=O)NCc1nc(C(=O)NCC(O)c2cccc(OC3CCCC3)c2)cs1,0.46,NCC(O)c1cccc(OC2CCCC2)c1,amide_coupling-1,EU_stock,https://www.enaminestore.com/catalog/EN300-1709917,468.579,3.494,6,4,116.34,0.384,9,0.375,10.794,2.397,2.776,2.711,yellow,gold
Cc1[nH]ccc1C(=O)NCc1nc(C(=O)NCC(=O)c2cc3ccccc3s2)cs1,enum-024754,-8.66086,Cc1[nH]ccc1C(=O)NCc1nc(C(=O)NCC(=O)c2cc3ccccc3s2)cs1,0.53,Cl.NCC(=O)c1cc2ccccc2s1,amide_coupling-1,EU_stock,https://www.enaminestore.com/catalog/EN300-364364,438.534,3.537,6,3,103.95,0.384,7,0.143,2.193,2.403,3.076,3.334,red,red
COc1ccc([C@@](C)(O)CNC(=O)c2csc(CNC(=O)c3cc[nH]c3C)n2)cc1,enum-017991,-8.65591,COc1ccc(C(C)(O)CNC(=O)c2csc(CNC(=O)c3cc[nH]c3C)n2)cc1,0.55,COc1ccc(C(C)(O)CN)cc1.Cl,amide_coupling-1,EU_stock,https://www.enaminestore.com/catalog/EN300-6486572,428.514,2.356,6,4,116.34,0.44,8,0.286,36.675,2.394,2.187,3.539,yellow,gold
Cc1[nH]ccc1C(=O)NCc1nc(C(=O)N[C@@H](CCO)c2ccc(Cl)c(F)c2)cs1,enum-033341,-8.63329,Cc1[nH]ccc1C(=O)NCc1nc(C(=O)NC(CCO)c2ccc(Cl)c(F)c2)cs1,0.51,NC(CCO)c1ccc(Cl)c(F)c1,amide_coupling-1,EU_stock,https://www.enaminestore.com/catalog/EN300-323193,450.923,3.356,5,4,107.11,0.422,8,0.25,19.417,2.389,2.712,3.246,red,red
Cc1ccccc1C[C@H](CO)NC(=O)c1csc(CNC(=O)c2cc[nH]c2C)n1,enum-018715,-8.60549,Cc1ccccc1CC(CO)NC(=O)c1csc(CNC(=O)c2cc[nH]c2C)n1,0.55,Cc1ccccc1CC(N)CO,amide_coupling-1,EU_stock,https://www.enaminestore.com/catalog/EN300-171136,412.515,2.351,5,4,107.11,0.456,8,0.286,104.519,2.394,2.408,3.85,yellow,gold
Cc1cc(C)cc([C@H](CO)NC(=O)c2csc(CNC(=O)c3cc[nH]c3C)n2)c1,enum-008884,-8.55434,Cc1cc(C)cc(C(CO)NC(=O)c2csc(CNC(=O)c3cc[nH]c3C)n2)c1,0.58,Cc1cc(C)cc(C(N)CO)c1.Cl,amide_coupling-1,EU_stock,https://www.enaminestore.com/catalog/EN300-1707776,412.515,2.79,5,4,107.11,0.479,7,0.286,31.174,2.404,2.262,3.923,yellow,gold
Cc1[nH]ccc1C(=O)NCc1nc(C(=O)NC[C@@H](c2ccc(Cl)cc2)n2cccn2)cs1,enum-037356,-8.5399,Cc1[nH]ccc1C(=O)NCc1nc(C(=O)NCC(c2ccc(Cl)cc2)n2cccn2)cs1,0.49,NCC(c1ccc(Cl)cc1)n1cccn1,amide_coupling-1,EU_stock,https://www.enaminestore.com/catalog/EN300-102422,468.97,3.579,6,3,104.7,0.367,8,0.182,11.03,2.735,2.936,3.141,red,red
Cc1[nH]ccc1C(=O)NCc1nc(C(=O)NC[C@](C)(O)c2ccc(F)cc2)cs1,enum-015367,-8.53798,Cc1[nH]ccc1C(=O)NCc1nc(C(=O)NCC(C)(O)c2ccc(F)cc2)cs1,0.56,CC(O)(CN)c1ccc(F)cc1,amide_coupling-1,EU_stock,https://www.enaminestore.com/catalog/EN300-118152,416.478,2.486,5,4,107.11,0.475,7,0.25,47.448,2.398,2.236,3.909,yellow,gold
Cc1[nH]ccc1C(=O)NCc1nc(C(=O)NCCC(=O)Nc2ccccn2)cs1,enum-026309,-8.50351,Cc1[nH]ccc1C(=O)NCc1nc(C(=O)NCCC(=O)Nc2ccccn2)cs1,0.53,Cl.Cl.NCCC(=O)Nc1ccccn1,amide_coupling-1,EU_stock,https://www.enaminestore.com/catalog/EN300-39420,412.475,1.863,6,4,128.87,0.449,8,0.211,41.393,4.508,2.026,3.612,yellow,gold
Cc1[nH]ccc1C(=O)NCc1nc(C(=O)NC[C@H](O)c2cc(Cl)c3c(c2)OCCO3)cs1,enum-040864,-8.50212,Cc1[nH]ccc1C(=O)NCc1nc(C(=O)NCC(O)c2cc(Cl)c3c(c2)OCCO3)cs1,0.47,NCC(O)c1cc(Cl)c2c(c1)OCCO2,amide_coupling-1,EU_stock,https://www.enaminestore.com/catalog/EN300-83156,476.942,2.598,7,4,125.57,0.415,7,0.286,41.319,2.409,2.092,3.119,yellow,gold
Cc1[nH]ccc1C(=O)NCc1nc(C(=O)N[C@@H](CCCC(=O)[O-])c2ccccc2)cs1,enum-015455,-8.48068,Cc1[nH]ccc1C(=O)NCc1nc(C(=O)NC(CCCC(=O)O)c2ccccc2)cs1,0.56,Cl.NC(CCCC(=O)O)c1ccccc1,amide_coupling-1,EU_stock,https://www.enaminestore.com/catalog/EN300-7434092,440.525,3.436,5,4,124.18,0.384,10,0.273,22.02,2.389,0.675,3.207,red,red
CSc1ccc(C(=O)CNC(=O)c2csc(CNC(=O)c3cc[nH]c3C)n2)cc1,enum-010502,-8.45348,CSc1ccc(C(=O)CNC(=O)c2csc(CNC(=O)c3cc[nH]c3C)n2)cc1,0.57,CSc1ccc(C(=O)CN)cc1.Cl,amide_coupling-1,EU_stock,https://www.enaminestore.com/catalog/EN300-24211338,428.539,3.044,6,3,103.95,0.378,8,0.2,17.569,2.39,2.704,3.838,red,red
COc1ccc2[nH]c3c(c2c1)C[C@H](NC(=O)c1csc(CNC(=O)c2cc[nH]c2C)n1)CC3,enum-042524,-8.45039,COc1ccc2[nH]c3c(c2c1)CC(NC(=O)c1csc(CNC(=O)c2cc[nH]c2C)n1)CC3,0.44,COc1ccc2[nH]c3c(c2c1)CC(N)CC3,amide_coupling-1,EU_stock,https://www.enaminestore.com/catalog/EN300-128177,463.563,3.487,5,4,111.9,0.351,6,0.292,15.648,2.846,2.895,2.839,yellow,gold
COC(=O)[C@H](NC(=O)c1csc(CNC(=O)c2cc[nH]c2C)n1)c1ccc(OC)c(O)c1,enum-029092,-8.43693,COC(=O)C(NC(=O)c1csc(CNC(=O)c2cc[nH]c2C)n1)c1ccc(OC)c(O)c1,0.52,COC(=O)C(N)c1ccc(OC)c(O)c1.Cl,amide_coupling-1,EU_stock,https://www.enaminestore.com/catalog/EN300-141028,458.496,2.068,8,4,142.64,0.379,8,0.238,112.95,2.361,1.35,3.296,red,red
CCOC(=O)[C@@H](Cc1cccc(F)c1)NC(=O)c1csc(CNC(=O)c2cc[nH]c2C)n1,enum-037895,-8.40276,CCOC(=O)C(Cc1cccc(F)c1)NC(=O)c1csc(CNC(=O)c2cc[nH]c2C)n1,0.49,CCOC(=O)C(N)Cc1cccc(F)c1.Cl,amide_coupling-1,EU_stock,https://www.enaminestore.com/catalog/EN300-1700262,458.515,2.753,6,3,113.18,0.427,9,0.273,41.577,2.382,2.534,3.423,yellow,gold
Cc1[nH]ccc1C(=O)NCc1nc(C(=O)N2C[C@@H](O)C[C@@H](NC(=O)OC(C)(C)C)C2)cs1,enum-034377,-8.39613,Cc1[nH]ccc1C(=O)NCc1nc(C(=O)N2CC(O)CC(NC(=O)OC(C)(C)C)C2)cs1,0.51,CC(C)(C)OC(=O)NC1CNCC(O)C1,amide_coupling-1,EU_stock,https://www.enaminestore.com/catalog/EN300-5268252,463.56,1.81,7,4,136.65,0.534,5,0.524,242.191,2.418,1.591,3.26,yellow,gold
Cc1ccc(Oc2ccccc2CNC(=O)c2csc(CNC(=O)c3cc[nH]c3C)n2)cc1,enum-028878,-8.38826,Cc1ccc(Oc2ccccc2CNC(=O)c2csc(CNC(=O)c3cc[nH]c3C)n2)cc1,0.52,Cc1ccc(Oc2ccccc2CN)cc1,amide_coupling-1,EU_stock,https://www.enaminestore.com/catalog/EN300-70688,460.559,4.74,5,3,96.11,0.354,8,0.16,0.514,2.42,4.583,2.375,red,red
Cc1[nH]ccc1C(=O)NCc1nc(C(=O)N[C@@H](C(=O)[O-])c2ccc(CO)cc2)cs1,enum-008008,-8.36822,Cc1[nH]ccc1C(=O)NCc1nc(C(=O)NC(C(=O)O)c2ccc(CO)cc2)cs1,0.58,Cl.NC(C(=O)O)c1ccc(CO)cc1,amide_coupling-1,EU_stock,https://www.enaminestore.com/catalog/EN300-299457,428.47,1.758,6,5,144.41,0.37,8,0.2,270.064,2.371,0.868,3.511,yellow,gold
Cc1[nH]ccc1C(=O)NCc1nc(C(=O)NC[C@@H](C)c2cccc(C(C)(C)C)c2)cs1,enum-028213,-8.35266,Cc1[nH]ccc1C(=O)NCc1nc(C(=O)NCC(C)c2cccc(C(C)(C)C)c2)cs1,0.52,CC(CN)c1cccc(C(C)(C)C)c1,amide_coupling-1,EU_stock,https://www.enaminestore.com/catalog/EN300-1765782,438.597,4.541,4,3,86.88,0.506,7,0.375,1.822,2.417,4.002,2.835,yellow,gold
Cc1[nH]ccc1C(=O)NCc1nc(C(=O)NC[C@](C)(O)c2ccccc2)cs1,enum-004755,-8.34848,Cc1[nH]ccc1C(=O)NCc1nc(C(=O)NCC(C)(O)c2ccccc2)cs1,0.6,CC(O)(CN)c1ccccc1,amide_coupling-1,EU_stock,https://www.enaminestore.com/catalog/EN300-77661,398.488,2.347,5,4,107.11,0.49,7,0.25,61.95,2.398,2.152,4.079,yellow,gold
Cc1[nH]ccc1C(=O)NCc1nc(C(=O)NC[C@H](O)c2ccc(Cl)c(Cl)c2)cs1,enum-016636,-8.34114,Cc1[nH]ccc1C(=O)NCc1nc(C(=O)NCC(O)c2ccc(Cl)c(Cl)c2)cs1,0.55,NCC(O)c1ccc(Cl)c(Cl)c1,amide_coupling-1,EU_stock,https://www.enaminestore.com/catalog/EN300-252235,453.351,3.48,5,4,107.11,0.44,7,0.211,13.544,2.403,2.799,3.124,yellow,gold
Cc1[nH]ccc1C(=O)NCc1nc(C(=O)N[C@H](c2ccccc2)c2cccc(OC(F)F)c2)cs1,enum-035049,-8.32719,Cc1[nH]ccc1C(=O)NCc1nc(C(=O)NC(c2ccccc2)c2cccc(OC(F)F)c2)cs1,0.5,NC(c1ccccc1)c1cccc(OC(F)F)c1,amide_coupling-1,EU_stock,https://www.enaminestore.com/catalog/EN300-6478202,496.539,4.83,5,3,96.11,0.309,9,0.16,4.304,2.395,3.901,2.122,red,red
Cc1[nH]ccc1C(=O)NCc1nc(C(=O)N[C@H](C)C[C@@H](O)c2ccccc2)cs1,enum-011258,-8.31565,Cc1[nH]ccc1C(=O)NCc1nc(C(=O)NC(C)CC(O)c2ccccc2)cs1,0.57,CC(N)CC(O)c1ccccc1,amide_coupling-1,EU_stock,https://www.enaminestore.com/catalog/EN300-106539,412.515,2.952,5,4,107.11,0.456,8,0.286,49.107,2.4,2.323,3.893,yellow,gold
COC(=O)[C@H]1c2ccc(O)cc2CCN1C(=O)c1csc(CNC(=O)c2cc[nH]c2C)n1,enum-040879,-8.30572,COC(=O)C1c2ccc(O)cc2CCN1C(=O)c1csc(CNC(=O)c2cc[nH]c2C)n1,0.47,COC(=O)C1NCCc2cc(O)ccc21.Cl,amide_coupling-1,EU_stock,https://www.enaminestore.com/catalog/EN300-7421344,454.508,2.328,7,3,124.62,0.508,5,0.273,113.264,2.384,1.477,3.492,yellow,gold
Cc1[nH]ccc1C(=O)NCc1nc(C(=O)NC[C@@H](c2cccs2)c2c[nH]c3ccccc23)cs1,enum-038781,-8.30089,Cc1[nH]ccc1C(=O)NCc1nc(C(=O)NCC(c2cccs2)c2c[nH]c3ccccc23)cs1,0.49,NCC(c1cccs1)c1c[nH]c2ccccc12,amide_coupling-1,EU_stock,https://www.enaminestore.com/catalog/EN300-07385,489.626,4.814,5,4,102.67,0.251,8,0.16,0.393,2.679,3.906,1.792,red,red
Cc1[nH]ccc1C(=O)NCc1nc(C(=O)NCCCO[C@@H]2CCCc3ccccc32)cs1,enum-042499,-8.26518,Cc1[nH]ccc1C(=O)NCc1nc(C(=O)NCCCOC2CCCc3ccccc32)cs1,0.45,Cl.NCCCOC1CCCc2ccccc21,amide_coupling-1,EU_stock,https://www.enaminestore.com/catalog/EN300-77102,452.58,3.924,5,3,96.11,0.429,9,0.375,4.381,2.429,3.078,3.301,red,red
Cc1[nH]ccc1C(=O)NCc1nc(C(=O)N[C@H](C)CC(=O)Nc2ccccc2)cs1,enum-015704,-8.25511,Cc1[nH]ccc1C(=O)NCc1nc(C(=O)NC(C)CC(=O)Nc2ccccc2)cs1,0.56,CC(N)CC(=O)Nc1ccccc1,amide_coupling-1,EU_stock,https://www.enaminestore.com/catalog/EN300-1704205,425.514,2.857,5,4,115.98,0.444,8,0.238,61.338,4.086,2.384,3.474,yellow,gold
Cc1[nH]ccc1C(=O)NCc1nc(C(=O)NCCC(=O)Nc2cc(Cl)cc(Cl)c2)cs1,enum-022002,-8.25188,Cc1[nH]ccc1C(=O)NCc1nc(C(=O)NCCC(=O)Nc2cc(Cl)cc(Cl)c2)cs1,0.54,NCCC(=O)Nc1cc(Cl)cc(Cl)c1,amide_coupling-1,EU_stock,https://www.enaminestore.com/catalog/EN300-224739,480.377,3.775,5,4,115.98,0.393,8,0.2,2.048,3.953,3.103,2.335,red,red
Cc1[nH]ccc1C(=O)NCc1nc(C(=O)NC[C@H](O)c2ccc(OC(C)C)cc2)cs1,enum-021155,-8.25094,Cc1[nH]ccc1C(=O)NCc1nc(C(=O)NCC(O)c2ccc(OC(C)C)cc2)cs1,0.54,CC(C)Oc1ccc(C(O)CN)cc1,amide_coupling-1,EU_stock,https://www.enaminestore.com/catalog/EN300-79323,442.541,2.96,6,4,116.34,0.407,9,0.318,22.019,2.397,2.198,3.433,yellow,gold
Cc1[nH]ccc1C(=O)NCc1nc(C(=O)N[C@@H](Cc2ccccc2)c2ccccc2F)cs1,enum-028906,-8.24118,Cc1[nH]ccc1C(=O)NCc1nc(C(=O)NC(Cc2ccccc2)c2ccccc2F)cs1,0.52,NC(Cc1ccccc1)c1ccccc1F,amide_coupling-1,EU_stock,https://www.enaminestore.com/catalog/EN300-84143,462.55,4.563,4,3,86.88,0.359,8,0.16,1.404,2.399,4.086,2.653,red,red
Cc1[nH]ccc1C(=O)NCc1nc(C(=O)NC[C@](C)(F)c2cccc(C(C)(C)C)c2)cs1,enum-026231,-8.22517,Cc1[nH]ccc1C(=O)NCc1nc(C(=O)NCC(C)(F)c2cccc(C(C)(C)C)c2)cs1,0.53,CC(C)(C)c1cccc(C(C)(F)CN)c1.Cl,amide_coupling-1,EU_stock,https://www.enaminestore.com/catalog/EN300-37136954,456.587,4.622,4,3,86.88,0.485,7,0.375,1.126,2.423,3.94,2.696,yellow,gold
Cc1[nH]ccc1C(=O)NCc1nc(C(=O)N[C@](C)(C#N)COc2ccc(F)c(F)c2)cs1,enum-039018,-8.22476,Cc1[nH]ccc1C(=O)NCc1nc(C(=O)NC(C)(C#N)COc2ccc(F)c(F)c2)cs1,0.48,CC(N)(C#N)COc1ccc(F)c(F)c1.Cl,amide_coupling-1,EU_stock,https://www.enaminestore.com/catalog/EN300-103637,459.478,3.079,6,3,119.9,0.478,8,0.238,27.345,2.379,2.718,3.061,red,red
Cc1cccc([C@H](CCO)NC(=O)c2csc(CNC(=O)c3cc[nH]c3C)n2)c1,enum-024186,-8.21892,Cc1cccc(C(CCO)NC(=O)c2csc(CNC(=O)c3cc[nH]c3C)n2)c1,0.53,Cc1cccc(C(N)CCO)c1,amide_coupling-1,EU_stock,https://www.enaminestore.com/catalog/EN300-1234620,412.515,2.872,5,4,107.11,0.456,8,0.286,26.173,2.391,2.23,3.939,yellow,gold
Cc1[nH]ccc1C(=O)NCc1nc(C(=O)NCCCNC(=O)c2cccs2)cs1,enum-011098,-8.19677,Cc1[nH]ccc1C(=O)NCc1nc(C(=O)NCCCNC(=O)c2cccs2)cs1,0.57,Cl.NCCCNC(=O)c1cccs1,amide_coupling-1,EU_stock,https://www.enaminestore.com/catalog/EN300-61484,431.543,2.321,6,4,115.98,0.389,9,0.263,139.646,2.406,1.675,3.623,yellow,gold
Cc1cc(CNC(=O)c2csc(CNC(=O)c3cc[nH]c3C)n2)ccc1-c1ccccc1,enum-018425,-8.19055,Cc1cc(CNC(=O)c2csc(CNC(=O)c3cc[nH]c3C)n2)ccc1-c1ccccc1,0.55,Cc1cc(CN)ccc1-c1ccccc1,amide_coupling-1,EU_stock,https://www.enaminestore.com/catalog/EN300-155728,444.56,4.615,4,3,86.88,0.389,7,0.16,0.378,2.485,4.113,2.755,red,red
Cc1[nH]ccc1C(=O)NCc1nc(C(=O)N[C@@H](C)c2ccc(-c3ccc(F)cc3)cc2)cs1,enum-023591,-8.18072,Cc1[nH]ccc1C(=O)NCc1nc(C(=O)NC(C)c2ccc(-c3ccc(F)cc3)cc2)cs1,0.54,CC(N)c1ccc(-c2ccc(F)cc2)cc1,amide_coupling-1,EU_stock,https://www.enaminestore.com/catalog/EN300-150198,462.55,5.007,4,3,86.88,0.361,7,0.16,0.231,2.49,4.003,2.434,red,red
CCOC(=O)C[C@@H](Cc1ccccc1)NC(=O)c1csc(CNC(=O)c2cc[nH]c2C)n1,enum-030115,-8.15647,CCOC(=O)CC(Cc1ccccc1)NC(=O)c1csc(CNC(=O)c2cc[nH]c2C)n1,0.52,CCOC(=O)CC(N)Cc1ccccc1,amide_coupling-1,EU_stock,https://www.enaminestore.com/catalog/EN300-1692195,454.552,3.004,6,3,113.18,0.408,10,0.304,75.298,2.388,2.489,3.472,yellow,gold
Cc1[nH]ccc1C(=O)NCc1nc(C(=O)N[C@@H](CO)Cc2ccncc2)cs1,enum-014949,-8.15636,Cc1[nH]ccc1C(=O)NCc1nc(C(=O)NC(CO)Cc2ccncc2)cs1,0.56,Cl.Cl.NC(CO)Cc1ccncc1,amide_coupling-1,EU_stock,https://www.enaminestore.com/catalog/EN300-174555,399.476,1.438,6,4,120,0.457,8,0.263,408.248,5.803,1.487,3.718,yellow,gold
Cc1[nH]ccc1C(=O)NCc1nc(C(=O)NCc2ccc(-c3nc[nH]n3)cc2)cs1,enum-022291,-8.14586,Cc1[nH]ccc1C(=O)NCc1nc(C(=O)NCc2ccc(-c3nc[nH]n3)cc2)cs1,0.54,Cl.Cl.NCc1ccc(-c2nc[nH]n2)cc1,amide_coupling-1,EU_stock,https://www.enaminestore.com/catalog/EN300-1708810,421.486,2.425,6,4,128.45,0.364,7,0.15,62.681,2.693,1.927,3.561,yellow,gold
Cc1[nH]ccc1C(=O)NCc1nc(C(=O)NC(C)(C)c2ccc(C(C)(C)C)cc2)cs1,enum-003907,-8.13163,Cc1[nH]ccc1C(=O)NCc1nc(C(=O)NC(C)(C)c2ccc(C(C)(C)C)cc2)cs1,0.6,CC(C)(C)c1ccc(C(C)(C)N)cc1,amide_coupling-1,EU_stock,https://www.enaminestore.com/catalog/EN300-115575,438.597,4.672,4,3,86.88,0.523,6,0.375,0.978,2.422,4.125,2.769,yellow,gold
CCc1ccc([C@@H](NC(=O)c2csc(CNC(=O)c3cc[nH]c3C)n2)C(=O)[O-])cc1,enum-006676,-8.12903,CCc1ccc(C(NC(=O)c2csc(CNC(=O)c3cc[nH]c3C)n2)C(=O)O)cc1,0.58,CCc1ccc(C(N)C(=O)O)cc1,amide_coupling-1,EU_stock,https://www.enaminestore.com/catalog/EN300-88019,426.498,2.828,5,4,124.18,0.441,8,0.238,82.713,2.374,1.503,3.525,yellow,gold
Cc1[nH]ccc1C(=O)NCc1nc(C(=O)NCc2ccc(-n3ccnc3C)nc2)cs1,enum-030869,-8.12799,Cc1[nH]ccc1C(=O)NCc1nc(C(=O)NCc2ccc(-n3ccnc3C)nc2)cs1,0.52,Cc1nccn1-c1ccc(CN)cn1,amide_coupling-1,EU_stock,https://www.enaminestore.com/catalog/EN300-43211,435.513,2.529,7,3,117.59,0.412,7,0.19,56.241,5.543,1.994,3.708,yellow,gold
Cc1[nH]ccc1C(=O)NCc1nc(C(=O)NC[C@H](O)COc2ccc(F)c(F)c2)cs1,enum-034696,-8.12482,Cc1[nH]ccc1C(=O)NCc1nc(C(=O)NCC(O)COc2ccc(F)c(F)c2)cs1,0.51,NCC(O)COc1ccc(F)c(F)c1,amide_coupling-1,EU_stock,https://www.enaminestore.com/catalog/EN300-70134,450.467,2.158,6,4,116.34,0.399,9,0.25,57.913,2.403,1.949,3.476,yellow,gold
Cc1[nH]ccc1C(=O)NCc1nc(C(=O)NC[C@@H](c2ccccc2)n2cccn2)cs1,enum-028650,-8.12121,Cc1[nH]ccc1C(=O)NCc1nc(C(=O)NCC(c2ccccc2)n2cccn2)cs1,0.52,NCC(c1ccccc1)n1cccn1,amide_coupling-1,EU_stock,https://www.enaminestore.com/catalog/EN300-88975,434.525,2.926,6,3,104.7,0.397,8,0.182,32.18,2.708,2.237,4.026,red,red
Cc1[nH]ccc1C(=O)NCc1nc(C(=O)NCC(=O)c2ccc(Cl)s2)cs1,enum-007705,-8.11982,Cc1[nH]ccc1C(=O)NCc1nc(C(=O)NCC(=O)c2ccc(Cl)s2)cs1,0.58,Cl.NCC(=O)c1ccc(Cl)s1,amide_coupling-1,EU_stock,https://www.enaminestore.com/catalog/EN300-345921,422.919,3.037,6,3,103.95,0.509,7,0.176,19.301,2.363,2.496,3.985,red,red
Cc1nc(-c2ccc(CNC(=O)c3csc(CNC(=O)c4cc[nH]c4C)n3)cc2)n[nH]1,enum-018669,-8.11386,Cc1nc(-c2ccc(CNC(=O)c3csc(CNC(=O)c4cc[nH]c4C)n3)cc2)n[nH]1,0.55,Cc1nc(-c2ccc(CN)cc2)n[nH]1.Cl,amide_coupling-1,EU_stock,https://www.enaminestore.com/catalog/EN300-1720901,435.513,2.733,6,4,128.45,0.355,7,0.19,32.742,3.175,2.295,3.313,red,red
Cc1[nH]ccc1C(=O)NCc1nc(C(=O)N[C@@H](C(=O)[O-])c2cnn(C)c2C)cs1,enum-011574,-8.10942,Cc1[nH]ccc1C(=O)NCc1nc(C(=O)NC(C(=O)O)c2cnn(C)c2C)cs1,0.57,Cc1c(C(N)C(=O)O)cnn1C,amide_coupling-1,EU_stock,https://www.enaminestore.com/catalog/EN300-174353,416.463,1.307,7,4,142,0.457,7,0.278,776.39,2.818,0.714,3.597,yellow,gold
Cc1[nH]ccc1C(=O)NCc1nc(C(=O)N[C@H](CCC(=O)OC(C)(C)C)C(=O)[O-])cs1,enum-018729,-8.09375,Cc1[nH]ccc1C(=O)NCc1nc(C(=O)N[C@H](CCC(=O)OC(C)(C)C)C(=O)O)cs1,0.55,CC(C)(C)OC(=O)CC[C@@H](N)C(=O)O,amide_coupling-1,EU_stock,https://www.enaminestore.com/catalog/EN300-183004,450.517,2.015,7,4,150.48,0.427,9,0.45,143.352,2.381,0.518,3.353,yellow,gold
Cc1[nH]ccc1C(=O)NCc1nc(C(=O)NC[C@H](O)CNC(=O)OC(C)(C)C)cs1,enum-016240,-8.09309,Cc1[nH]ccc1C(=O)NCc1nc(C(=O)NC[C@H](O)CNC(=O)OC(C)(C)C)cs1,0.56,CC(C)(C)OC(=O)NC[C@@H](O)CN,amide_coupling-1,EU_stock,https://www.enaminestore.com/catalog/EN300-1708797,437.522,1.325,7,5,145.44,0.421,8,0.474,573.245,2.381,1.82,3.446,yellow,gold
COC[C@H](NC(=O)c1csc(CNC(=O)c2cc[nH]c2C)n1)c1cccc(C(F)(F)F)c1,enum-037926,-8.0857,COCC(NC(=O)c1csc(CNC(=O)c2cc[nH]c2C)n1)c1cccc(C(F)(F)F)c1,0.49,COCC(N)c1cccc(C(F)(F)F)c1,amide_coupling-1,EU_stock,https://www.enaminestore.com/catalog/EN300-80253,466.485,3.846,5,3,96.11,0.47,8,0.286,8.788,2.373,3.302,3.128,red,red
Cc1[nH]ccc1C(=O)NCc1nc(C(=O)N[C@](C)(CO)COc2ccccc2)cs1,enum-018097,-8.08428,Cc1[nH]ccc1C(=O)NCc1nc(C(=O)NC(C)(CO)COc2ccccc2)cs1,0.55,CC(N)(CO)COc1ccccc1,amide_coupling-1,EU_stock,https://www.enaminestore.com/catalog/EN300-1707907,428.514,2.269,6,4,116.34,0.417,9,0.286,134.544,2.385,1.954,3.633,yellow,gold
Cc1[nH]ccc1C(=O)NCc1nc(C(=O)N[C@@H](CC2CCOCC2)c2ccccc2)cs1,enum-030677,-8.08309,Cc1[nH]ccc1C(=O)NCc1nc(C(=O)NC(CC2CCOCC2)c2ccccc2)cs1,0.52,NC(CC1CCOCC1)c1ccccc1,amide_coupling-1,EU_stock,https://www.enaminestore.com/catalog/EN300-129811,452.58,3.997,5,3,96.11,0.481,8,0.375,11.208,2.407,3.025,3.291,yellow,gold
Cc1[nH]ccc1C(=O)NCc1nc(C(=O)NC[C@@H](O)c2ccc(C(C)(C)C)cc2)cs1,enum-014388,-8.07114,Cc1[nH]ccc1C(=O)NCc1nc(C(=O)NCC(O)c2ccc(C(C)(C)C)cc2)cs1,0.56,CC(C)(C)c1ccc(C(O)CN)cc1,amide_coupling-1,EU_stock,https://www.enaminestore.com/catalog/EN300-79324,440.569,3.471,5,4,107.11,0.451,7,0.348,14.655,2.405,3.093,3.073,yellow,gold
Cc1[nH]ccc1C(=O)NCc1nc(C(=O)N[C@H](c2ccc(C(C)(C)C)cc2)C(F)(F)F)cs1,enum-019169,-8.06813,Cc1[nH]ccc1C(=O)NCc1nc(C(=O)NC(c2ccc(C(C)(C)C)cc2)C(F)(F)F)cs1,0.55,CC(C)(C)c1ccc(C(N)C(F)(F)F)cc1,amide_coupling-1,EU_stock,https://www.enaminestore.com/catalog/EN300-44298,478.54,5.041,4,3,86.88,0.464,6,0.348,0.656,2.398,3.945,2.348,yellow,gold
COc1ccc([C@H](O)[C@@H](C)NC(=O)c2csc(CNC(=O)c3cc[nH]c3C)n2)cc1,enum-019433,-8.04955,COc1ccc(C(O)C(C)NC(=O)c2csc(CNC(=O)c3cc[nH]c3C)n2)cc1,0.55,COc1ccc(C(O)C(C)N)cc1.Cl,amide_coupling-1,EU_stock,https://www.enaminestore.com/catalog/EN300-119361,428.514,2.57,6,4,116.34,0.44,8,0.286,53.228,2.39,2.488,3.389,yellow,gold
Cc1[nH]ccc1C(=O)NCc1nc(C(=O)N[C@H](C)c2ccc(S(C)(=O)=O)cc2)cs1,enum-010578,-8.04437,Cc1[nH]ccc1C(=O)NCc1nc(C(=O)NC(C)c2ccc(S(C)(=O)=O)cc2)cs1,0.57,CC(N)c1ccc(S(C)(=O)=O)cc1.Cl,amide_coupling-1,EU_stock,https://www.enaminestore.com/catalog/EN300-15205,446.554,2.604,6,3,121.02,0.515,7,0.25,53.229,2.39,2.252,3.423,yellow,gold
Cc1[nH]ccc1C(=O)NCc1nc(C(=O)NC[C@@](C)(O)c2ccc(F)cc2)cs1,enum-015367,-8.03995,Cc1[nH]ccc1C(=O)NCc1nc(C(=O)NCC(C)(O)c2ccc(F)cc2)cs1,0.56,CC(O)(CN)c1ccc(F)cc1,amide_coupling-1,EU_stock,https://www.enaminestore.com/catalog/EN300-118152,416.478,2.486,5,4,107.11,0.475,7,0.25,47.448,2.398,2.236,3.909,yellow,gold
Cc1[nH]ccc1C(=O)NCc1nc(C(=O)N[C@@H](C)c2ccc(CC(C)C)cc2)cs1,enum-016419,-8.03663,Cc1[nH]ccc1C(=O)NCc1nc(C(=O)NC(C)c2ccc(CC(C)C)cc2)cs1,0.56,CC(C)Cc1ccc(C(C)N)cc1,amide_coupling-1,EU_stock,https://www.enaminestore.com/catalog/EN300-07806,424.57,4.399,4,3,86.88,0.501,8,0.348,3.325,2.407,3.592,3.21,red,red
Cc1[nH]ccc1C(=O)NCc1nc(C(=O)N[C@@H](C)c2ccc(-c3cccnc3)cc2)cs1,enum-034745,-8.03622,Cc1[nH]ccc1C(=O)NCc1nc(C(=O)NC(C)c2ccc(-c3cccnc3)cc2)cs1,0.51,CC(N)c1ccc(-c2cccnc2)cc1,amide_coupling-1,EU_stock,https://www.enaminestore.com/catalog/EN300-98464,445.548,4.263,5,3,99.77,0.396,7,0.167,5.713,4.853,3.123,3.037,red,red
Cc1[nH]ccc1C(=O)NCc1nc(C(=O)N[C@H]2C[C@@H](CNC(=O)OC(C)(C)C)C23CCC3)cs1,enum-040034,-8.02696,Cc1[nH]ccc1C(=O)NCc1nc(C(=O)NC2CC(CNC(=O)OC(C)(C)C)C23CCC3)cs1,0.48,CC(C)(C)OC(=O)NCC1CC(N)C12CCC2,amide_coupling-1,EU_stock,https://www.enaminestore.com/catalog/EN300-7437784,487.626,3.523,6,4,125.21,0.476,7,0.583,7.792,2.446,3.212,2.221,red,red
Cc1[nH]ccc1C(=O)NCc1nc(C(=O)N[C@@H](C)c2ccc(-c3ccccc3)cc2)cs1,enum-011189,-8.0267,Cc1[nH]ccc1C(=O)NCc1nc(C(=O)N[C@@H](C)c2ccc(-c3ccccc3)cc2)cs1,0.57,C[C@H](N)c1ccc(-c2ccccc2)cc1.Cl,amide_coupling-1,EU_stock,https://www.enaminestore.com/catalog/EN300-84474,444.56,4.868,4,3,86.88,0.38,7,0.16,0.452,2.466,3.952,2.653,red,red
Cc1[nH]ccc1C(=O)NCc1nc(C(=O)NCCCc2c[nH]c3ccc(F)cc23)cs1,enum-038943,-8.01747,Cc1[nH]ccc1C(=O)NCc1nc(C(=O)NCCCc2c[nH]c3ccc(F)cc23)cs1,0.49,Cl.NCCCc1c[nH]c2ccc(F)cc12,amide_coupling-1,EU_stock,https://www.enaminestore.com/catalog/EN300-204722,439.516,3.693,4,4,102.67,0.315,8,0.227,4.423,2.729,2.843,3.242,red,red
Cc1[nH]ccc1C(=O)NCc1nc(C(=O)N[C@H](c2ccc(F)c(C#N)c2)C(C)C)cs1,enum-031995,-8.01719,Cc1[nH]ccc1C(=O)NCc1nc(C(=O)NC(c2ccc(F)c(C#N)c2)C(C)C)cs1,0.51,CC(C)C(N)c1ccc(F)c(C#N)c1.Cl,amide_coupling-1,EU_stock,https://www.enaminestore.com/catalog/EN300-331607,439.516,3.848,5,3,110.67,0.519,7,0.273,5.105,2.368,3.073,2.949,red,red
Cc1[nH]ccc1C(=O)NCc1nc(C(=O)NC[C@]2(F)C[C@@H](CNC(=O)OC(C)(C)C)C2)cs1,enum-031211,-8.01557,Cc1[nH]ccc1C(=O)NCc1nc(C(=O)NC[C@]2(F)C[C@@H](CNC(=O)OC(C)(C)C)C2)cs1,0.51,CC(C)(C)OC(=O)NC[C@H]1C[C@](F)(CN)C1,amide_coupling-1,EU_stock,https://www.enaminestore.com/catalog/EN300-7430021,479.578,3.082,6,4,125.21,0.463,8,0.545,31.209,2.428,2.177,3.016,red,red
COC(=O)[C@H](NC(=O)c1csc(CNC(=O)c2cc[nH]c2C)n1)c1ccc(F)cc1F,enum-020554,-8.0145,COC(=O)C(NC(=O)c1csc(CNC(=O)c2cc[nH]c2C)n1)c1ccc(F)cc1F,0.54,COC(=O)C(N)c1ccc(F)cc1F.Cl,amide_coupling-1,EU_stock,https://www.enaminestore.com/catalog/EN300-26258650,448.451,2.632,6,3,113.18,0.481,7,0.2,56.574,2.367,2.63,3.447,yellow,gold
COc1ccc2c(c1)CC[C@@]2(O)CNC(=O)c1csc(CNC(=O)c2cc[nH]c2C)n1,enum-037349,-8.00394,COc1ccc2c(c1)CCC2(O)CNC(=O)c1csc(CNC(=O)c2cc[nH]c2C)n1,0.49,COc1ccc2c(c1)CCC2(O)CN,amide_coupling-1,EU_stock,https://www.enaminestore.com/catalog/EN300-1229325,440.525,2.282,6,4,116.34,0.45,7,0.318,98.334,2.377,1.905,3.547,yellow,gold
Cc1[nH]ccc1C(=O)NCc1nc(C(=O)N[C@@H](CO)c2ccc(C(C)(C)C)cc2)cs1,enum-014942,-8.00206,Cc1[nH]ccc1C(=O)NCc1nc(C(=O)NC(CO)c2ccc(C(C)(C)C)cc2)cs1,0.56,CC(C)(C)c1ccc(C(N)CO)cc1,amide_coupling-1,EU_stock,https://www.enaminestore.com/catalog/EN300-1835872,440.569,3.471,5,4,107.11,0.451,7,0.348,13.523,2.403,3.008,3.115,yellow,gold
