https://fragalysis.diamond.ac.uk/viewer/react/projects/312/279,,,,,
smiles,name,compound_set,red,red-text,blue
NC(=O)N[C@@H]1CCC[C@]2(CCCc3c(N)noc32)C1,CHIKV_Mac-4P35,Fstein_pures_adenine-2024-04-05-A,TRUE,red,
Nc1ccc2c(N)noc2c1,CHIKV_Mac-7YCC,Fstein_pures_adenine-2024-04-05-A,TRUE,red,
Nc1ccc2c(N)noc2c1,CHIKV_Mac-DJU6,Fstein_pures_adenine-2024-04-05-A,TRUE,red,
Cc1cc2ccccc2c2onc(N)c12,CHIKV_Mac-DMAL,Fstein_pures_adenine-2024-04-05-A,TRUE,red,
COCCONc1cc([C@H](N)NO)ccc1N,CHIKV_Mac-V5DS,Fstein_pures_adenine-2024-04-05-A,TRUE,red,
COCCONc1cc([C@H](N)NO)ccc1N,CHIKV_Mac-CPZP,Fstein_pures_adenine-2024-04-05-A,,,TRUE
COC(=O)c1cccc2c(N)noc12,CHIKV_Mac-73FH,Fstein_pures_adenine-2024-04-05-A,TRUE,red,
COC(=O)c1cnc2[nH]cc(N)cc1-2,CHIKV_Mac-AGC9,Fstein_pures_adenine-2024-04-05-A,,,TRUE
Cc1ccc2c3c([nH]c(N)c13)C=CC=C2,CHIKV_Mac-DKY7,Fstein_pures_adenine-2024-04-05-A,TRUE,red,
Cc1c(N)nc2cccc3c2c1NC=C3,CHIKV_Mac-6NCF,Fstein_pures_adenine-2024-04-05-A,,,TRUE
Nc1ccc([C@H](N)NO)cc1CNNCCO,CHIKV_Mac-6Y3H,Fstein_pures_adenine-2024-04-05-A,,,TRUE
Cc1c(N)ccc2c(N)noc12,CHIKV_Mac-5GV3,Fstein_pures_adenine-2024-04-05-A,,,TRUE
Nc1noc2c(Br)cccc12,CHIKV_Mac-DNXA,Fstein_pures_adenine-2024-04-05-A,TRUE,red,
Cc1ccc(N(C)CC(N)=O)c2onc(N)c12,CHIKV_Mac-YXXJ,Fstein_pures_adenine-2024-04-05-A,,,TRUE
Cc1nsc(N(C)CC(N)=O)c1ONCN,CHIKV_Mac-9VFJ,Fstein_pures_adenine-2024-04-05-A,,,TRUE
Cc1cccc2c(NCC(=O)N(C)C)[nH]c(N)c12,CHIKV_Mac-X9NU,Fstein_pures_adenine-2024-04-05-A,TRUE,red,
CC(C)c1c(N)ccc2c(N)noc12,CHIKV_Mac-AN5V,Fstein_pures_adenine-2024-04-05-A,,,TRUE
N[C@@H]1NC2(NCCN2)c2ccccc21,CHIKV_Mac-4UMF,Fstein_pures_adenine-2024-04-05-A,TRUE,red,
NC1=c2ccccc2=C2N=NC=C12,CHIKV_Mac-4RPG,Fstein_pures_adenine-2024-04-05-A,TRUE,red,
c1cc2c(ccc3c[nH]nc32)cn1,CHIKV_Mac-5D5M,Fstein_pures_adenine-2024-04-05-A,TRUE,red,
CCOc1[nH]c(N)c2cccc(C)c12,CHIKV_Mac-97J9,Fstein_pures_adenine-2024-04-05-A,TRUE,red,
Nc1ccc2c(N)noc2c1,CHIKV_Mac-6GUF,Fstein_pures_adenine-2024-04-05-A,,,TRUE
Nc1cc2c[nH]nc2c2ccnc(O)c12,CHIKV_Mac-74F6,Fstein_pures_adenine-2024-04-05-A,,,TRUE
c1cc2c(cn1)CCCc1c[nH]nc1-2,CHIKV_Mac-UWFR,Fstein_pures_adenine-2024-04-05-A,TRUE,red,
CC[C@H](N)Nc1cccc(CNN)c1,CHIKV_Mac-5VAC,Fstein_pures_adenine-2024-04-05-A,TRUE,red,
Nc1cc2c(cn1)CCCC1=C2NNC1,CHIKV_Mac-CN9E,Fstein_pures_adenine-2024-04-05-A,TRUE,red,
NNCc1cccc(N[C@H](N)S)c1,CHIKV_Mac-9353,Fstein_pures_adenine-2024-04-05-A,TRUE,red,
CC1=CNN2ON=c3cnccc3=C12,CHIKV_Mac-DG9P,Fstein_pures_adenine-2024-04-05-A,TRUE,red,
CCCNc1cc(CNCC)no1,CHIKV_Mac-7GKN,Fstein_pures_adenine-2024-04-05-A,TRUE,red,
Cc1cn[nH]c1-c1ccnc(C(C)C)c1,CHIKV_Mac-94UR,Fstein_pures_adenine-2024-04-05-A,TRUE,red,
Cc1cnccc1-c1c(C)cnn1C,CHIKV_Mac-7AH7,Fstein_pures_adenine-2024-04-05-A,,,TRUE
CC1=NC(=O)c2c(C)cc(C)c(C)c21,CHIKV_Mac-4KVD,Fstein_pures_adenine-2024-04-05-A,TRUE,red,
Cc1cnccc1-c1n[nH]cc1C,CHIKV_Mac-57RZ,Fstein_pures_adenine-2024-04-05-A,TRUE,red,
CNc1nccc2cccc(C)c12,CHIKV_Mac-5K9W,Fstein_pures_adenine-2024-04-05-A,,,TRUE
Cc1c[nH]nc1-c1c(CO)cnc2occc12,CHIKV_Mac-6LSH,Fstein_pures_adenine-2024-04-05-A,TRUE,red,
FCCc1c[nH]nc1-c1ccncc1,CHIKV_Mac-9TTL,Fstein_pures_adenine-2024-04-05-A,TRUE,red,
Cc1cncc2c1-c1n[nH]cc1CCC2,CHIKV_Mac-JJK7,Fstein_pures_adenine-2024-04-05-A,TRUE,red,
Cc1cnccc1-c1nn(C(=O)N(C)C)cc1C,CHIKV_Mac-7UHL,Fstein_pures_adenine-2024-04-05-A,TRUE,red,
CC(C)c1c(N)ncc2c1-c1n[nH]cc1CCC2,CHIKV_Mac-5ZGF,Fstein_pures_adenine-2024-04-05-A,TRUE,red,
Cc1cn(C)nc1-c1c(C)cncc1C,CHIKV_Mac-AEK4,Fstein_pures_adenine-2024-04-05-A,TRUE,red,
Cc1cc(-c2n[nH]cc2C)ccn1,CHIKV_Mac-CE3S,Fstein_pures_adenine-2024-04-05-A,TRUE,red,
N[S@@]1(=O)=Cc2c[nH]nc2-c2ccncc21,CHIKV_Mac-A3UN,Fstein_pures_adenine-2024-04-05-A,,,TRUE
C[C@@H]1CNN[C@@]12CCCc1[nH]cc(N)c12,CHIKV_Mac-445A,Fstein_pures_adenine-2024-04-05-A,TRUE,red,
C[C@@H]1CC[C@@H](Cl)c2cc(O)ccc2[C@@H]1ON,CHIKV_Mac-AXVX,Fstein_pures_adenine-2024-04-05-A,TRUE,red,
C[C@@H](O)CC[C@@H](Cl)CC[C@@H](N)CO,CHIKV_Mac-7UPE,Fstein_pures_adenine-2024-04-05-A,TRUE,red,
COC(=O)c1ccc(O)c(NC(N)=O)c1,CHIKV_Mac-DKFX,Fstein_pures_adenine-2024-04-05-A,,,TRUE
CC(=O)Nc1ccc(O)c(NC(N)=O)c1,CHIKV_Mac-AW7C,Fstein_pures_adenine-2024-04-05-A,,,TRUE
Oc1ccc2c(c1)CCCC[C@@H]2O,CHIKV_Mac-AM6S,Fstein_pures_adenine-2024-04-05-A,TRUE,red,
Cc1cc2c(O)ccc3c2c(n1)N(C)N=C3,CHIKV_Mac-79AZ,Fstein_pures_adenine-2024-04-05-A,,,TRUE
CC1=Cc2cccc3nn(C)c(c23)N1,CHIKV_Mac-C93W,Fstein_pures_adenine-2024-04-05-A,,,TRUE
Oc1ccc2c(c1)[nH]c1ccccc12,CHIKV_Mac-CTY4,Fstein_pures_adenine-2024-04-05-A,TRUE,red,
COC(=O)c1ccc(O)cc1Br,CHIKV_Mac-9C7E,Fstein_pures_adenine-2024-04-05-A,,,TRUE
Cn1c#cc2c3c(CC(N)=O)cc(O)cc3[nH]c21,CHIKV_Mac-6VF4,Fstein_pures_adenine-2024-04-05-A,TRUE,red,
COc1ncc2cc(O)ccc2c1C(=O)NCC(=O)N(C)C,CHIKV_Mac-CS36,Fstein_pures_adenine-2024-04-05-A,TRUE,red,
C[C@@H]1CCCc2cc(O)ccc2C(=O)C1,CHIKV_Mac-7CCM,Fstein_pures_adenine-2024-04-05-A,TRUE,red,
CCOC(=O)c1cc(O)ccc1C(=O)OC,CHIKV_Mac-6GGY,Fstein_pures_adenine-2024-04-05-A,TRUE,red,
CCOC(=O)c1c(CO)n[nH]c1C,CHIKV_Mac-7ARP,Fstein_pures_adenine-2024-04-05-A,TRUE,red,
Cc1ccc2cc(O)ccc2c1O,CHIKV_Mac-4VND,Fstein_pures_adenine-2024-04-05-A,,,TRUE
Cc1cnc2cc(O)ccc2c1O,CHIKV_Mac-9FRA,Fstein_pures_adenine-2024-04-05-A,,,TRUE
Nc1cnc2cc(O)ccc2c1O,CHIKV_Mac-5TGV,Fstein_pures_adenine-2024-04-05-A,TRUE,red,
CC[C@H]1CCCCc2c1c(C)nn2O,CHIKV_Mac-A4MK,Fstein_pures_adenine-2024-04-05-A,TRUE,red,
CCCc1ccc(N)c2c1c(C)nn2O,CHIKV_Mac-6NFK,Fstein_pures_adenine-2024-04-05-A,,,TRUE
CCCNc1cc(/C=C\N(C=O)CC)n[nH]1,CHIKV_Mac-D7KC,Fstein_pures_adenine-2024-04-05-A,TRUE,red,
CCN(C=O)C(=O)c1cnc2[nH]cccc1-2,CHIKV_Mac-6EKY,Fstein_pures_adenine-2024-04-05-A,TRUE,red,
CCOC(=O)c1c(C(C)C)n[nH]c1C,CHIKV_Mac-5R9X,Fstein_pures_adenine-2024-04-05-A,,,TRUE
CCc1ccc2n[nH]c(CC)c2c1O,CHIKV_Mac-AYZL,Fstein_pures_adenine-2024-04-05-A,,,TRUE
CCc1ccc2c(C)cnc(NC)c2c1O,CHIKV_Mac-5T3F,Fstein_pures_adenine-2024-04-05-A,TRUE,red,
CCOc1c(O)ccc2nn(N)c(C)c12,CHIKV_Mac-D57X,Fstein_pures_adenine-2024-04-05-A,TRUE,red,
CCOc1cccc2[nH]nc(CC)c12,CHIKV_Mac-9ST4,Fstein_pures_adenine-2024-04-05-A,,,TRUE
Cc1n[nH]c(C)c1C(=O)O[C@](C)(O)N(C)C,CHIKV_Mac-CXMP,Fstein_pures_adenine-2024-04-05-A,TRUE,red,
CCOc1c(O)ccc2nn(N)c(CC)c12,CHIKV_Mac-4MVX,Fstein_pures_adenine-2024-04-05-A,,,TRUE
CCC[C@@H](C)n1c(N)nc2cccc(O)c21,CHIKV_Mac-D6GV,Fstein_pures_adenine-2024-04-05-A,TRUE,red,
CC[C@H]1CCCCc2c1c(C)nn2O,CHIKV_Mac-44XE,Fstein_pures_adenine-2024-04-05-A,,,TRUE
CCOC(=O)c1c(C(N)=O)n[nH]c1C,CHIKV_Mac-7HWW,Fstein_pures_adenine-2024-04-05-A,TRUE,red,
CNC(=O)c1cccc2cc(C(N)=O)[nH]c12,CHIKV_Mac-65DE,Fstein_pures_adenine-2024-04-05-A,TRUE,red,
CC(=O)NC1=CC=C2C=C(C(N)=O)N=C21,CHIKV_Mac-53DK,Fstein_pures_adenine-2024-04-05-A,TRUE,red,
C[C@H]1CCCc2ccc3cc[nH]c3c2[C@H]1O,CHIKV_Mac-63N5,Fstein_pures_adenine-2024-04-05-A,TRUE,red,
c1ccc2c(c1)Nn1ccc3cccc-2c31,CHIKV_Mac-XXW9,Fstein_pures_adenine-2024-04-05-A,TRUE,red,
CN/C(=N/N)c1cc(COC)cc2cc[nH]c12,CHIKV_Mac-CTAD,Fstein_pures_adenine-2024-04-05-A,TRUE,red,
CNC(=O)c1cc(CCO)cc2cc[nH]c12,CHIKV_Mac-6TLV,Fstein_pures_adenine-2024-04-05-A,TRUE,red,
Fc1ccc2nc3c4c(cccc4c2c1)C=C3,CHIKV_Mac-9XRY,Fstein_pures_adenine-2024-04-05-A,TRUE,red,
CNC(=O)c1cc(Br)cc2cc[nH]c12,CHIKV_Mac-JNZP,Fstein_pures_adenine-2024-04-05-A,TRUE,red,
CNC(=O)c1ccc(O)c2cc[nH]c12,CHIKV_Mac-H4FA,Fstein_pures_adenine-2024-04-05-A,TRUE,red,
Cc1cnc2ccc3cc[nH]c3c2c1O,CHIKV_Mac-5STH,Fstein_pures_adenine-2024-04-05-A,TRUE,red,
Nc1ccc2ccccc2n1,CHIKV_Mac-6NJA,Fstein_pures_adenine-2024-04-05-A,TRUE,red,
Cc1[nH]c2ccccc2c1Br,CHIKV_Mac-6G4Z,Fstein_pures_adenine-2024-04-05-A,TRUE,red,
Cc1nc2ccccc2n1Br,CHIKV_Mac-5D4K,Fstein_pures_adenine-2024-04-05-A,TRUE,red,
COCc1cc(N)nc(C)c1Br,CHIKV_Mac-CDTL,Fstein_pures_adenine-2024-04-05-A,TRUE,red,
COCc1onc(C(N)=O)c1Br,CHIKV_Mac-463F,Fstein_pures_adenine-2024-04-05-A,TRUE,red,
Nc1ccc2ncccc2n1,CHIKV_Mac-95LV,Fstein_pures_adenine-2024-04-05-A,TRUE,red,
CC(C)c1nc(N)ccc1Br,CHIKV_Mac-ATN7,Fstein_pures_adenine-2024-04-05-A,TRUE,red,
CC(C)c1nc(O)ccc1Br,CHIKV_Mac-D9UX,Fstein_pures_adenine-2024-04-05-A,TRUE,red,
Cc1nc(N)c2ccccc2c1Br,CHIKV_Mac-5CT7,Fstein_pures_adenine-2024-04-05-A,TRUE,red,
Cc1nc(N)cc(CCO)c1Br,CHIKV_Mac-CLMJ,Fstein_pures_adenine-2024-04-05-A,TRUE,red,
Cc1cc2ccccc2nc1N,CHIKV_Mac-AVLC,Fstein_pures_adenine-2024-04-05-A,TRUE,red,
Cc1nc(N)cc(Br)c1Br,CHIKV_Mac-5MCV,Fstein_pures_adenine-2024-04-05-A,TRUE,red,
Nn1ccc(Br)c(Br)c1=O,CHIKV_Mac-65AC,Fstein_pures_adenine-2024-04-05-A,TRUE,red,
C#Cc1c(C)nc(N)c(C)c1CC(N)=O,CHIKV_Mac-WKP3,Fstein_pures_adenine-2024-04-05-A,,,TRUE
Cc1nc(N)ccc1/N=C\NCC(=O)N(C)C,CHIKV_Mac-4MMU,Fstein_pures_adenine-2024-04-05-A,TRUE,red,
Cc1nc(N)sc1C(=O)NCC(=O)N(C)C,CHIKV_Mac-5JS4,Fstein_pures_adenine-2024-04-05-A,TRUE,red,
CCOc1c(C)c(N)nc(C)c1Br,CHIKV_Mac-CHCX,Fstein_pures_adenine-2024-04-05-A,TRUE,red,
On1cnc2c(Cl)ccc(Cl)c21,CHIKV_Mac-9GGY,Fstein_pures_adenine-2024-04-05-A,TRUE,red,
Clc1ccc2[nH]cnc2c1Cl,CHIKV_Mac-AELD,Fstein_pures_adenine-2024-04-05-A,TRUE,red,
Cc1c2ncn(C)c2c(Cl)c2nc[nH]c12,CHIKV_Mac-6RWZ,Fstein_pures_adenine-2024-04-05-A,TRUE,red,
CN1c2ncn(C)c2[C@@H](O)N2NCN[C@H]12,CHIKV_Mac-64GF,Fstein_pures_adenine-2024-04-05-A,TRUE,red,
On1cnc2c(Cl)cccc21,CHIKV_Mac-AJWP,Fstein_pures_adenine-2024-04-05-A,TRUE,red,
CN(C)c1cccc2[nH]cnc12,CHIKV_Mac-6UGZ,Fstein_pures_adenine-2024-04-05-A,TRUE,red,
OCn1cnc2c(Cl)cccc21,CHIKV_Mac-56JF,Fstein_pures_adenine-2024-04-05-A,,,TRUE
OCCc1cc(Cl)c2nc[nH]c2c1,CHIKV_Mac-6K4Y,Fstein_pures_adenine-2024-04-05-A,TRUE,red,
Nc1nc2c(Cl)c(F)ccc2[nH]1,CHIKV_Mac-4GAS,Fstein_pures_adenine-2024-04-05-A,TRUE,red,
Clc1cc(Br)cc2[nH]cnc12,CHIKV_Mac-4RA4,Fstein_pures_adenine-2024-04-05-A,TRUE,red,
Cc1c(CC(N)=O)c(N)c(Cl)c2nc[nH]c12,CHIKV_Mac-DMRF,Fstein_pures_adenine-2024-04-05-A,TRUE,red,
Cc1ccc2[nH]cnc2c1Cl,CHIKV_Mac-A5EG,Fstein_pures_adenine-2024-04-05-A,TRUE,red,
CN(C)C(=O)CNc1cc(Cl)c2nc[nH]c2c1,CHIKV_Mac-59M6,Fstein_pures_adenine-2024-04-05-A,TRUE,red,
Clc1cc2nccnc2c2[nH]cnc12,CHIKV_Mac-9UFM,Fstein_pures_adenine-2024-04-05-A,TRUE,red,
On1cnc2cccc(Cl)c21,CHIKV_Mac-CTLF,Fstein_pures_adenine-2024-04-05-A,TRUE,red,
Oc1cccc2ncn(O)c12,CHIKV_Mac-AZJH,Fstein_pures_adenine-2024-04-05-A,TRUE,red,
Nc1ccc2[nH]cnc2c1Cl,CHIKV_Mac-ANW4,Fstein_pures_adenine-2024-04-05-A,TRUE,red,
Cc1cnnc2c1cc(Cl)c1nc[nH]c12,CHIKV_Mac-7V4L,Fstein_pures_adenine-2024-04-05-A,TRUE,red,
CCOc1cc2c(ncn2C)c(Cl)c1O,CHIKV_Mac-DHKR,Fstein_pures_adenine-2024-04-05-A,TRUE,red,
NN(O)c1cccc2[nH]cnc12,CHIKV_Mac-6WWF,Fstein_pures_adenine-2024-04-05-A,TRUE,red,
Nc1nc(S(N)(=O)=O)n2c1cnn2CCO,CHIKV_Mac-6MCU,Fstein_pures_adenine-2024-04-05-A,,,TRUE
NS(=O)(=O)c1nccn1Br,CHIKV_Mac-4D54,Fstein_pures_adenine-2024-04-05-A,TRUE,red,
NS(=O)(=O)c1nccn1Br,CHIKV_Mac-AWP4,Fstein_pures_adenine-2024-04-05-A,,,TRUE
NS(=O)(=O)c1c(Br)cc[nH]c1=O,CHIKV_Mac-5GHU,Fstein_pures_adenine-2024-04-05-A,,,TRUE
NS(=O)(=O)c1ncc2c3nccc-3cccn12,CHIKV_Mac-74KF,Fstein_pures_adenine-2024-04-05-A,,,TRUE
Nc1c[nH]c(S(N)(=O)=O)n1,CHIKV_Mac-6PH7,Fstein_pures_adenine-2024-04-05-A,,,TRUE
CC(=O)N1C[C@@H](CN(C)C(=O)CNC(=O)c2scnc2C)Oc2c(F)cccc21,CHIKV_Mac-4D6C,Fstein_pures_adenine-2024-04-05-A,TRUE,red,
CC(=O)N1C[C@@H](CN(C)C(=O)CNC(=O)c2scnc2C)Oc2c(F)cccc21,CHIKV_Mac-7WV6,Fstein_pures_adenine-2024-04-05-A,TRUE,red,
NC(=O)Nc1ccc2ncc(N)c(O)c2c1,CHIKV_Mac-CEF4,Fstein_pures_adenine-2024-04-05-A,TRUE,red,
NC(=O)Nc1ccc2nccc(O)c2c1,CHIKV_Mac-5RSZ,Fstein_pures_adenine-2024-04-05-A,,,TRUE
Nc1cnc2cccc(N)c2c1,CHIKV_Mac-D9ZT,Fstein_pures_adenine-2024-04-05-A,TRUE,red,
Nc1ccc2cccc(N)c2n1,CHIKV_Mac-CVKA,Fstein_pures_adenine-2024-04-05-A,TRUE,red,
NC(=O)c1c(N)c(Cl)nc2ccccc12,CHIKV_Mac-AU7Z,Fstein_pures_adenine-2024-04-05-A,TRUE,red,
Nc1cnc2cccc(N)c2c1,CHIKV_Mac-CAK6,Fstein_pures_adenine-2024-04-05-A,,,TRUE
Nc1cnc2c(c1)CCC[C@@]21CCNN1,CHIKV_Mac-6JXW,Fstein_pures_adenine-2024-04-05-A,TRUE,red,
N[C@H]1Oc2ccc(-c3cc[nH]n3)cc2O1,CHIKV_Mac-5TK4,Fstein_pures_adenine-2024-04-05-A,,,TRUE
COCc1ccc(CN)c2cc(N)cnc12,CHIKV_Mac-DP9V,Fstein_pures_adenine-2024-04-05-A,TRUE,red,
COC[C@H]1ONC2=C1NC[C@H](N)C2,CHIKV_Mac-6VRF,Fstein_pures_adenine-2024-04-05-A,TRUE,red,
COc1c(O)ccc2cc(N)cnc12,CHIKV_Mac-DKN6,Fstein_pures_adenine-2024-04-05-A,TRUE,red,
C[C@H]1Cc2cccc3c2N1C[C@H](N)C3,CHIKV_Mac-C3F6,Fstein_pures_adenine-2024-04-05-A,TRUE,red,
CC1=Cc2cccc3nn(C)c(c23)N1,CHIKV_Mac-CHPU,Fstein_pures_adenine-2024-04-05-A,TRUE,red,
Nc1cnc2c(O)cccc2c1,CHIKV_Mac-57NM,Fstein_pures_adenine-2024-04-05-A,TRUE,red,
N[C@@H]1Cc2cc(CO)ccc2O1,CHIKV_Mac-4PLM,Fstein_pures_adenine-2024-04-05-A,TRUE,red,
Nc1cnc2c(CCO)ccc(N)c2c1,CHIKV_Mac-7DK3,Fstein_pures_adenine-2024-04-05-A,TRUE,red,
Nc1cnc2ccccc2c1N,CHIKV_Mac-5XR5,Fstein_pures_adenine-2024-04-05-A,TRUE,red,
Nc1cc2c(N)cccc2nc1F,CHIKV_Mac-5JK3,Fstein_pures_adenine-2024-04-05-A,TRUE,red,
Nc1cnc2c(Br)cccc2c1,CHIKV_Mac-KPJ4,Fstein_pures_adenine-2024-04-05-A,TRUE,red,
NC(=O)c1cccc2cc(N)c(N)nc12,CHIKV_Mac-5VRL,Fstein_pures_adenine-2024-04-05-A,TRUE,red,
Cc1nc2ccccc2c(N)c1N,CHIKV_Mac-DU5S,Fstein_pures_adenine-2024-04-05-A,TRUE,red,
CN(C)C(=O)CNc1c(O)c(N)cc2ccccc12,CHIKV_Mac-9CZD,Fstein_pures_adenine-2024-04-05-A,TRUE,red,
Nc1cnc2ccccc2c1O,CHIKV_Mac-9NMY,Fstein_pures_adenine-2024-04-05-A,TRUE,red,
CCOc1c(O)c(N)cc2ccccc12,CHIKV_Mac-97F4,Fstein_pures_adenine-2024-04-05-A,TRUE,red,
Nc1cnc2ccc3cc[nH]c3c2c1O,CHIKV_Mac-ALEJ,Fstein_pures_adenine-2024-04-05-A,,,TRUE
NC1(N)CNc2ccccc2C1,CHIKV_Mac-9KUK,Fstein_pures_adenine-2024-04-05-A,TRUE,red,
Nc1cnc2c(CO)cccc2c1,CHIKV_Mac-6DU3,Fstein_pures_adenine-2024-04-05-A,TRUE,red,
NNC(=O)c1cc(Cl)c(Cl)cc1N,CHIKV_Mac-RVCV,Fstein_pures_adenine-2024-04-05-A,TRUE,red,
NC(=O)c1ccc(Cl)c(Cl)c1N,CHIKV_Mac-A44S,Fstein_pures_adenine-2024-04-05-A,TRUE,red,
N[C@]12CCC3=C1C(=CC=CN3)OC2,CHIKV_Mac-A4U4,Fstein_pures_adenine-2024-04-05-A,TRUE,red,
N[C@]12CCCc3c(O)ccc(c31)OC2,CHIKV_Mac-4JMZ,Fstein_pures_adenine-2024-04-05-A,,,TRUE
CON1ON=C2c3c1ccc(N)c3C(=O)N2N,CHIKV_Mac-964L,Fstein_pures_adenine-2024-04-05-A,TRUE,red,
N[C@@H]1CC[C@@H]2NC[C@@H]3[C@@H]2[C@@H]1C(=O)N3N,CHIKV_Mac-9W5U,Fstein_pures_adenine-2024-04-05-A,TRUE,red,
CNc1cc(O)cc2c(N)ccc(Cl)c12,CHIKV_Mac-9EZD,Fstein_pures_adenine-2024-04-05-A,TRUE,red,
CNc1cc(O)c2cccc(Cl)c2n1,CHIKV_Mac-CUEJ,Fstein_pures_adenine-2024-04-05-A,,,TRUE
Nc1cc2c[nH]nc2c2ccnc(O)c12,CHIKV_Mac-RJ9E,Fstein_pures_adenine-2024-04-05-A,TRUE,red,
NC(=O)c1ccc(Cl)c2ccn(O)c12,CHIKV_Mac-CWNP,Fstein_pures_adenine-2024-04-05-A,,,TRUE
CCc1ccc(N)c2c(O)cccc12,CHIKV_Mac-95GZ,Fstein_pures_adenine-2024-04-05-A,TRUE,red,
CC(=O)[C@@H]1CN(C)CNC2=C(C[C@H](NC(N)=O)CC2)N1,CHIKV_Mac-G3JS,Fstein_pures_adenine-2024-04-05-A,TRUE,red,
Cc1cc(CC[C@H](C)NC(N)=O)cc(N(C)NC=O)n1,CHIKV_Mac-7ENT,Fstein_pures_adenine-2024-04-05-A,TRUE,red,
CC1=c2ccc(NC(N)=O)c3c2=C=C(N1)[C@@H](F)CC(=O)NO3,CHIKV_Mac-96LY,Fstein_pures_adenine-2024-04-05-A,TRUE,red,
Cn1nc(C(F)F)c2c1CC[C@@H](NC(N)=O)CC2,CHIKV_Mac-5ULJ,Fstein_pures_adenine-2024-04-05-A,TRUE,red,
CC(=O)Nc1cc(NC(N)=O)ccc1Br,CHIKV_Mac-74KZ,Fstein_pures_adenine-2024-04-05-A,,,TRUE
CC(=O)c1ccc2ccc(NC(N)=O)c3c2c1N=C3,CHIKV_Mac-PRM9,Fstein_pures_adenine-2024-04-05-A,TRUE,red,
NC(=O)N[C@@H]1CC[C@H](CO)[C@@]2(COCCO2)C1,CHIKV_Mac-65FP,Fstein_pures_adenine-2024-04-05-A,TRUE,red,
Nc1ccc2c(Cl)cccc2c1O,CHIKV_Mac-CU3D,Fstein_pures_adenine-2024-04-05-A,,,TRUE
COCc1cc(N)nc2ccccc12,CHIKV_Mac-7S66,Fstein_pures_adenine-2024-04-05-A,TRUE,red,
COC(=O)c1cc(N)nc2ccccc12,CHIKV_Mac-4LTT,Fstein_pures_adenine-2024-04-05-A,TRUE,red,
COC(=O)c1c2ccc[nH]c-2nc1N,CHIKV_Mac-47PD,Fstein_pures_adenine-2024-04-05-A,TRUE,red,
Cc1ccc2cccc3c2c1N=C3N,CHIKV_Mac-5PV9,Fstein_pures_adenine-2024-04-05-A,TRUE,red,
C[C@H]1CCCc2cccc3ccnc1c23,CHIKV_Mac-AVFE,Fstein_pures_adenine-2024-04-05-A,TRUE,red,
Nc1cc(CO)c2ccccc2n1,CHIKV_Mac-9PW9,Fstein_pures_adenine-2024-04-05-A,TRUE,red,
Nc1cc(CO)cc2c1OCC2,CHIKV_Mac-9LGC,Fstein_pures_adenine-2024-04-05-A,TRUE,red,
Cc1cc(N)c(O)c2cc(F)ccc12,CHIKV_Mac-4SGL,Fstein_pures_adenine-2024-04-05-A,TRUE,red,
Nc1cc(Br)c2ccccc2[n+]1[O-],CHIKV_Mac-5HAP,Fstein_pures_adenine-2024-04-05-A,,,TRUE
Nc1ccc2ccccc2c1O,CHIKV_Mac-5LD4,Fstein_pures_adenine-2024-04-05-A,TRUE,red,
C/C=N/[C@]1(N)C[C@H](NC(N)=O)CCc2ccc(Cl)cc21,CHIKV_Mac-469T,Fstein_pures_adenine-2024-04-05-A,TRUE,red,
N[C@@H]1OCOc2c(Cl)cccc21,CHIKV_Mac-CGYM,Fstein_pures_adenine-2024-04-05-A,TRUE,red,
Oc1ccc2c(c1Cl)OCO2,CHIKV_Mac-4LM7,Fstein_pures_adenine-2024-04-05-A,TRUE,red,
Nc1nccc2c(Cl)cccc12,CHIKV_Mac-7AA6,Fstein_pures_adenine-2024-04-05-A,TRUE,red,
Nc1nccc2c(Cl)cccc12,CHIKV_Mac-C9UJ,Fstein_pures_adenine-2024-04-05-A,TRUE,red,
Cc1cc(C)c2c(N)nn(C)c2c1Cl,CHIKV_Mac-DKZR,Fstein_pures_adenine-2024-04-05-A,TRUE,red,
Nc1nccc2c(Cl)cccc12,CHIKV_Mac-A9JS,Fstein_pures_adenine-2024-04-05-A,TRUE,red,
NC1=C2CCCC3=C2C(=N1)CCC3,CHIKV_Mac-55TK,Fstein_pures_adenine-2024-04-05-A,TRUE,red,
CNc1cnc2cccc3c2c1C=C3,CHIKV_Mac-P3C7,Fstein_pures_adenine-2024-04-05-A,TRUE,red,
C[C@@H]1CCC2=C3C(=NC(N)=C31)CCC2,CHIKV_Mac-AZ9E,Fstein_pures_adenine-2024-04-05-A,TRUE,red,
Nc1nccc2c(Cl)cccc12,CHIKV_Mac-7MGZ,Fstein_pures_adenine-2024-04-05-A,TRUE,red,
Nc1cc(-c2nccn2Cl)ccn1,CHIKV_Mac-55T9,Fstein_pures_adenine-2024-04-05-A,TRUE,red,
NC(=O)c1cccc(Cl)c1O,CHIKV_Mac-4DL4,Fstein_pures_adenine-2024-04-05-A,TRUE,red,
NC(=O)c1cccc(Cl)c1O,CHIKV_Mac-LXYJ,Fstein_pures_adenine-2024-04-05-A,TRUE,red,
CCc1ccc2c(C)nnc(C)c2c1Cl,CHIKV_Mac-CH5E,Fstein_pures_adenine-2024-04-05-A,TRUE,red,
CCCCCNc1ccccc1,CHIKV_Mac-AC9P,Fstein_pures_adenine-2024-04-05-A,TRUE,red,
c1ccc2c(c1)nc1ccccn12,CHIKV_Mac-AUF4,Fstein_pures_adenine-2024-04-05-A,TRUE,red,
NC1=S(O)c2ccccc2N1,CHIKV_Mac-JDDS,Fstein_pures_adenine-2024-04-05-A,TRUE,red,
Nc1cc(O)cc2c1OCO2,CHIKV_Mac-5MTG,Fstein_pures_adenine-2024-04-05-A,TRUE,red,
NC1=S(CO)c2ccccc2N1,CHIKV_Mac-47AG,Fstein_pures_adenine-2024-04-05-A,TRUE,red,
Nc1cc(CO)cc2c1OCC2,CHIKV_Mac-XTMP,Fstein_pures_adenine-2024-04-05-A,TRUE,red,
CN(C)C(=O)CNCc1cccc2nc(N)sc12,CHIKV_Mac-AL5G,Fstein_pures_adenine-2024-04-05-A,TRUE,red,
NCCNc1cccc(N[C@H](N)S)c1,CHIKV_Mac-94WP,Fstein_pures_adenine-2024-04-05-A,TRUE,red,
Nc1sc2ccccc2c1O,CHIKV_Mac-5FNR,Fstein_pures_adenine-2024-04-05-A,TRUE,red,
Oc1cccc2cn(O)cc12,CHIKV_Mac-6LSU,Fstein_pures_adenine-2024-04-05-A,TRUE,red,
Cn1cnc2c1C(=O)N(C=O)C(=O)[C@@]2(C)Cl,CHIKV_Mac-ETE7,Fstein_pures_adenine-2024-04-05-A,TRUE,red,
Cn1cnc2c1c(=O)n1ccnc1n2C,CHIKV_Mac-DGTZ,Fstein_pures_adenine-2024-04-05-A,TRUE,red,
Cc1cnc2n(C)c(=O)n3c(c1-2)OCO3,CHIKV_Mac-4J6N,Fstein_pures_adenine-2024-04-05-A,TRUE,red,
Cn1c(=O)c2c(nc(O)n2C)n(C)c1=O,CHIKV_Mac-73M6,Fstein_pures_adenine-2024-04-05-A,TRUE,red,
Cc1cnc2n(CO)c(=O)n3c(c1-2)CCO3,CHIKV_Mac-7S6D,Fstein_pures_adenine-2024-04-05-A,TRUE,red,
Cn1cnc2c1c(=O)n(C=O)c(=O)n2C,CHIKV_Mac-A9CW,Fstein_pures_adenine-2024-04-05-A,TRUE,red,
Cc1cn(C)c2c(=O)n(C)c(=O)n(C)c12,CHIKV_Mac-7URE,Fstein_pures_adenine-2024-04-05-A,TRUE,red,
Nc1cc(-c2cc[nH]n2)cc2c1OCO2,CHIKV_Mac-CDVA,Fstein_pures_adenine-2024-04-05-A,,,TRUE
Nc1cc(-c2cc[nH]n2)c(Cl)c2c1OCO2,CHIKV_Mac-55GT,Fstein_pures_adenine-2024-04-05-A,,,TRUE
Nc1cc(-c2cc[nH]n2)cc2c1OCO2,CHIKV_Mac-6YYD,Fstein_pures_adenine-2024-04-05-A,TRUE,red,
Cc1cc2c(c(C)c1-c1cc[nH]n1)N(C)CO2,CHIKV_Mac-AXER,Fstein_pures_adenine-2024-04-05-A,TRUE,red,
On1nccc1-c1ccc2c(c1)OCO2,CHIKV_Mac-LHUE,Fstein_pures_adenine-2024-04-05-A,,,TRUE
Nc1cc(-c2ccn[nH]2)c(CCO)c2c1N(O)CO2,CHIKV_Mac-AH5U,Fstein_pures_adenine-2024-04-05-A,TRUE,red,
Nc1cc(-c2cc[nH]n2)cc2c1OCN2F,CHIKV_Mac-CPUU,Fstein_pures_adenine-2024-04-05-A,TRUE,red,
BrN1COc2ccc(-c3cc[nH]n3)cc21,CHIKV_Mac-5KVZ,Fstein_pures_adenine-2024-04-05-A,TRUE,red,
Nc1cc(-c2cc[nH]n2)cc2c1OCO2,CHIKV_Mac-UFXT,Fstein_pures_adenine-2024-04-05-A,TRUE,red,
Brc1c(-c2cc[nH]n2)ccc2c1OCO2,CHIKV_Mac-VEFM,Fstein_pures_adenine-2024-04-05-A,,,TRUE
CNc1cc2c(cc1-c1cc[nH]n1)OCO2,CHIKV_Mac-DKYN,Fstein_pures_adenine-2024-04-05-A,TRUE,red,
c1c[nH]c(-c2c(-c3cc[nH]n3)ccc3c2OCO3)n1,CHIKV_Mac-757V,Fstein_pures_adenine-2024-04-05-A,TRUE,red,
NCNOc1cc(OCO)ccc1-c1cc[nH]n1,CHIKV_Mac-4KVN,Fstein_pures_adenine-2024-04-05-A,TRUE,red,
Cc1cnc2cnnc-2c2ccc3c(c12)OCO3,CHIKV_Mac-ALZX,Fstein_pures_adenine-2024-04-05-A,TRUE,red,
CN1COc2cc(O)c(-c3cc[nH]n3)cc21,CHIKV_Mac-5EYW,Fstein_pures_adenine-2024-04-05-A,TRUE,red,
Nc1cc(-c2cc[nH]n2)c(Br)c2c1OCO2,CHIKV_Mac-ACPS,Fstein_pures_adenine-2024-04-05-A,,,TRUE
OC1(O)COc2ccc(-c3cc[nH]n3)cc21,CHIKV_Mac-4GMP,Fstein_pures_adenine-2024-04-05-A,TRUE,red,
c1[nH]nc2c1Cc1c-2ccc2c1OCO2,CHIKV_Mac-7LCD,Fstein_pures_adenine-2024-04-05-A,,,TRUE
COCc1cccc2[nH]c(C)nc12,CHIKV_Mac-6M7C,Fstein_pures_adenine-2024-04-05-A,,,TRUE
COCc1onc2c(N)nc(C)nc12,CHIKV_Mac-9GGA,Fstein_pures_adenine-2024-04-05-A,,,TRUE
COc1c(O)ccc2c1C=CC=NN2,CHIKV_Mac-66NN,Fstein_pures_adenine-2024-04-05-A,TRUE,red,
C1CNC2=C(CCCC2)NC1,CHIKV_Mac-4ZH6,Fstein_pures_adenine-2024-04-05-A,TRUE,red,
CC(C)c1nc2cccc(O)c2[nH]1,CHIKV_Mac-9W3X,Fstein_pures_adenine-2024-04-05-A,TRUE,red,
C[C@@H]1N[C@@H]2CCC[C@H]3CCCN1[C@@H]32,CHIKV_Mac-DRM5,Fstein_pures_adenine-2024-04-05-A,TRUE,red,
Cc1nc2ccccc2n1N,CHIKV_Mac-7XEX,Fstein_pures_adenine-2024-04-05-A,TRUE,red,
Cc1nc2ccccc2n1Br,CHIKV_Mac-6ZNU,Fstein_pures_adenine-2024-04-05-A,TRUE,red,
