https://fragalysis.diamond.ac.uk/viewer/react/projects/311/278,,,,,
smiles,name,compound_set,red,red-text,blue
O=C1NC[C@@H](NC(=O)c2cscn2)NC1=O,CHIKV_Mac-9T6K,Fstein_pures_others_-2024-04-05-A,TRUE,red,
O=C(N[C@H]1CNC(=O)[S@@H]2CCN(C(=O)c3cccc(F)c3)C[C@H]12)c1cscn1,CHIKV_Mac-66N3,Fstein_pures_others_-2024-04-05-A,TRUE,red,
O=C1[CH][C@@H]2CN(C(=O)c3cccc(F)c3)C[C]2[C@@H](NC(=O)c2cscn2)CN1,CHIKV_Mac-CMDX,Fstein_pures_others_-2024-04-05-A,,,TRUE
CCc1nc(C[C@@H]2CC[C@H]3CN(C(=O)c4cccc(F)c4)CC[C@H]3C[C@H]2O)no1,CHIKV_Mac-4DFJ,Fstein_pures_others_-2024-04-05-A,TRUE,red,
CCc1nc(CN2CC[C@@]3(CCN(C(=O)c4cccc(F)c4)C3)CC2=O)no1,CHIKV_Mac-79NC,Fstein_pures_others_-2024-04-05-A,,,TRUE
Cc1nsc(N[C@@H]2CCC[C@]23CS[C@@H](c2nc[nH]n2)N3)n1,CHIKV_Mac-D9S7,Fstein_pures_others_-2024-04-05-A,,,TRUE
Cc1nsc(N[C@@H]2CCC[C@]23CS[C@@H](c2nc[nH]n2)N3)n1,CHIKV_Mac-5UVL,Fstein_pures_others_-2024-04-05-A,,,TRUE
C[C@@H]1NS[C@H](N[C@@H]2CCC[C@H]2CO)N1c1cccc(NC(N)=O)c1,CHIKV_Mac-57EK,Fstein_pures_others_-2024-04-05-A,TRUE,red,TRUE
Cc1nsc(N[C@@H]2C[C@@]3(CNCC[C@H]3CCNC(=O)c3ccccc3F)C[C@H]2CO)n1,CHIKV_Mac-9EZU,Fstein_pures_others_-2024-04-05-A,,,TRUE
Cc1nsc(N[C@@H]2C[C@@]3(CNCC[C@@H]3CCNC(=O)c3ccccc3F)C[C@H]2CO)n1,CHIKV_Mac-9VUT,Fstein_pures_others_-2024-04-05-A,,,TRUE
Cc1nsc(N[C@@H]2CCC[C@]23CCNC3=O)n1,CHIKV_Mac-4SZ9,Fstein_pures_others_-2024-04-05-A,,,TRUE
Cc1nsc(N[C@@H]2CCC[C@]23CCNC3=O)n1,CHIKV_Mac-6NWR,Fstein_pures_others_-2024-04-05-A,,,TRUE
NC(=O)c1cnn(CC(O)(O)N[C@@H]2CCC(=O)NC2)c1,CHIKV_Mac-5GZH,Fstein_pures_others_-2024-04-05-A,,,TRUE
NC(=O)c1nc(C(O)(O)N[C@@H]2CCC(=O)NC2)cs1,CHIKV_Mac-7Z6X,Fstein_pures_others_-2024-04-05-A,TRUE,red,
CCc1nc(Cn2cc(C)c(Cc3cnn(-c4ccccc4)c3)cc2=O)no1,CHIKV_Mac-7G6X,Fstein_pures_others_-2024-04-05-A,TRUE,red,
Nc1nc2ccc(O[C@@H]3CCC[C@H]3CO)cc2s1,CHIKV_Mac-6DRP,Fstein_pures_others_-2024-04-05-A,TRUE,red,
O=C1C[C@@]2(CNC(=O)c3ccccc3F)c3ccncc3[C@@H](c3cscn3)N[C@H]2CN1,CHIKV_Mac-CAKZ,Fstein_pures_others_-2024-04-05-A,,,TRUE
O=C1C[C@@]2(CNC(=O)c3ccccc3F)c3ccncc3[C@@H](c3cscn3)N[C@H]2CN1,CHIKV_Mac-934A,Fstein_pures_others_-2024-04-05-A,,,TRUE
Cc1ncsc1C(=O)NCC(=O)N(C)c1cnccc1CCNC(=O)c1ccccc1F,CHIKV_Mac-976T,Fstein_pures_others_-2024-04-05-A,,,TRUE
N[C@@H]1N[C@@]2(N[C@H](C(=O)N[C@@H]3CCC(=O)NC3)CS2)c2ccccc21,CHIKV_Mac-4SJH,Fstein_pures_others_-2024-04-05-A,TRUE,red,
N[C@@H]1N[C@@]2(N[C@H](C(=O)N[C@@H]3CCC(=O)NC3)CS2)c2ccccc21,CHIKV_Mac-AFVS,Fstein_pures_others_-2024-04-05-A,TRUE,red,
CCc1nc(Cn2cc(NC(=O)c3ccccc3F)c(-c3ccncc3)cc2=O)no1,CHIKV_Mac-D5ET,Fstein_pures_others_-2024-04-05-A,,,TRUE
CCc1nc(Cn2cc(NC(=O)c3ccccc3F)c(-c3ccncc3)cc2=O)no1,CHIKV_Mac-WYWV,Fstein_pures_others_-2024-04-05-A,,,TRUE
CN(c1nc(Cn2ccccc2=O)no1)c1noc2ccccc12,CHIKV_Mac-5XU9,Fstein_pures_others_-2024-04-05-A,TRUE,red,
N[C@H]1C[C@@]2(CCN1)N[C@H](C(=O)N[C@@H]1CCC(=O)NC1)CS2,CHIKV_Mac-4SRR,Fstein_pures_others_-2024-04-05-A,TRUE,red,
Nc1ccc(N[C@@H]2CCC[C@H]2CO)cn1,CHIKV_Mac-ZRL5,Fstein_pures_others_-2024-04-05-A,,,TRUE
CCc1nc(CN2C[C@@]3(CCC2=O)C(=O)N(c2ccccc2)N=C3C)no1,CHIKV_Mac-AWXW,Fstein_pures_others_-2024-04-05-A,TRUE,red,
CCc1nc(CN2C[C@@]3(CCC2=O)C(=O)N(c2ccccc2)N=C3C)no1,CHIKV_Mac-4FVC,Fstein_pures_others_-2024-04-05-A,TRUE,red,
Cc1ncc2c(c1C(=O)NCc1cccs1)c(=O)oc1ccccc12,CHIKV_Mac-6NYR,Fstein_pures_others_-2024-04-05-A,TRUE,red,
Cc1c(C(=O)N[C@@H]2CCC(=O)NC2)n[nH]c1-c1ccncc1,CHIKV_Mac-7CLZ,Fstein_pures_others_-2024-04-05-A,TRUE,red,
OC[C@@H]1CCc2[nH]nc(-c3ccncc3)c2CC1,CHIKV_Mac-7CAV,Fstein_pures_others_-2024-04-05-A,TRUE,red,
CCc1onc(Cn2ccccc2=O)c1Cc1c[nH]nc1-c1ccncc1,CHIKV_Mac-C5K5,Fstein_pures_others_-2024-04-05-A,TRUE,red,
CCc1onc(Cn2ccccc2=O)c1Cc1c[nH]nc1-c1ccncc1,CHIKV_Mac-W4DX,Fstein_pures_others_-2024-04-05-A,TRUE,red,
COCc1onc(C(N)=O)c1C(F)F,CHIKV_Mac-CNT6,Fstein_pures_others_-2024-04-05-A,TRUE,red,
COC[C@H]1ON[C@H]2[C@@H]1CCCN[C@@H]2N,CHIKV_Mac-W5CU,Fstein_pures_others_-2024-04-05-A,TRUE,red,
COCc1onc2c(N)ncc(C)c12,CHIKV_Mac-D9U7,Fstein_pures_others_-2024-04-05-A,,,TRUE
[O-][n+]1ccsc1-c1nc[nH]n1,CHIKV_Mac-6WTM,Fstein_pures_others_-2024-04-05-A,,,TRUE
Cn1c(N)nc2cccc(NCc3cccs3)c21,CHIKV_Mac-AGY9,Fstein_pures_others_-2024-04-05-A,TRUE,red,
Cc1c(N)nn2cccc(NCc3cccs3)c12,CHIKV_Mac-5DLX,Fstein_pures_others_-2024-04-05-A,TRUE,red,
Cn1nccc1C(=O)NC[C@@H]1CC[C@@]2(NCNN2)S1,CHIKV_Mac-CJ66,Fstein_pures_others_-2024-04-05-A,,,TRUE
CN(C(=O)c1ccc(O)cc1)c1nc(Cn2ccccc2=O)no1,CHIKV_Mac-797A,Fstein_pures_others_-2024-04-05-A,TRUE,red,
C[C@H](C(=O)c1ccc(O)cc1)c1nc(Cn2ccccc2=O)no1,CHIKV_Mac-5HT4,Fstein_pures_others_-2024-04-05-A,TRUE,red,
O=C1CC[C@@H](NC(=O)[C@@H]2CS[C@]3(CCNC(=O)C3)N2)CN1,CHIKV_Mac-6A9F,Fstein_pures_others_-2024-04-05-A,,,TRUE
O=C1CC[C@@H](NC(=O)[C@@H]2CS[C@]3(CCNC(=O)C3)N2)CN1,CHIKV_Mac-4ATZ,Fstein_pures_others_-2024-04-05-A,,,TRUE
CCO[C@@](O)(OCc1cccs1)c1c(C)n[nH]c1C,CHIKV_Mac-6HWM,Fstein_pures_others_-2024-04-05-A,TRUE,red,
OC[C@@H]1CCC[C@H]1Nc1snc2nccc(Br)c12,CHIKV_Mac-DMK3,Fstein_pures_others_-2024-04-05-A,,,TRUE
COC(=O)c1cnc2[nH]cc(N[C@@H]3CCC[C@H]3CO)cc1-2,CHIKV_Mac-ARJ4,Fstein_pures_others_-2024-04-05-A,TRUE,red,
Cc1n[nH]c(C)c1-c1nc(C(=O)N[C@@H]2CC[C@H](O)NC2)cs1,CHIKV_Mac-ALYA,Fstein_pures_others_-2024-04-05-A,,,TRUE
COC(=O)c1cnc2[nH]cc([C@@H](C)c3nc(Cn4ccccc4=O)no3)cc1-2,CHIKV_Mac-6F6C,Fstein_pures_others_-2024-04-05-A,,,TRUE
COC(=O)c1cnc2[nH]cc([C@@H](C)c3nc(Cn4ccccc4=O)no3)cc1-2,CHIKV_Mac-D4TZ,Fstein_pures_others_-2024-04-05-A,TRUE,red,
CCO/C(=N\[C@H]1CCC[C@H]1CO)c1c(C)n[nH]c1C,CHIKV_Mac-4WE6,Fstein_pures_others_-2024-04-05-A,TRUE,red,
O=C1C[C@H](N2CCN[C@H](CC3CCCCC3)C2=O)[C@@H](NC(=O)c2cscn2)CN1,CHIKV_Mac-A6W5,Fstein_pures_others_-2024-04-05-A,TRUE,red,
CCOC(=O)c1c(CCc2nc(Cn3ccccc3=O)no2)n[nH]c1C,CHIKV_Mac-5U93,Fstein_pures_others_-2024-04-05-A,TRUE,red,
CCOC(=O)c1c(CCc2nc(Cn3ccccc3=O)no2)n[nH]c1C,CHIKV_Mac-A95R,Fstein_pures_others_-2024-04-05-A,TRUE,red,
Cc1ccncc1NC(=O)C[C@H]1CC(=O)NC[C@@H]1NC(=O)c1cscn1,CHIKV_Mac-4MET,Fstein_pures_others_-2024-04-05-A,TRUE,red,
Cc1ccncc1NC(=O)C[C@H]1CC(=O)NC[C@@H]1NC(=O)c1cscn1,CHIKV_Mac-9GS3,Fstein_pures_others_-2024-04-05-A,TRUE,red,
NC(=O)c1cc2scc(C(=O)N[C@@H]3CCC(=O)NC3)c2cc1N,CHIKV_Mac-7PGA,Fstein_pures_others_-2024-04-05-A,,,TRUE
NC(=O)c1cc2scc(C(=O)N[C@@H]3CCC(=O)NC3)c2cc1N,CHIKV_Mac-ACUX,Fstein_pures_others_-2024-04-05-A,TRUE,red,
NC(=O)[C@H]1C[C@@H](Cl)[C@]2(CC[C@@H](CO)C2)C[C@H]1N,CHIKV_Mac-9LJX,Fstein_pures_others_-2024-04-05-A,,,TRUE
CNc1cc2c(NCc3cccs3)cccn2n1,CHIKV_Mac-6TLW,Fstein_pures_others_-2024-04-05-A,,,TRUE
CCc1nc(Cn2cc(C(=O)Nc3cnccc3C)ccc2=O)no1,CHIKV_Mac-734S,Fstein_pures_others_-2024-04-05-A,,,TRUE
CCc1nc(Cn2cc(C(=O)Nc3cnccc3C)ccc2=O)no1,CHIKV_Mac-DVH7,Fstein_pures_others_-2024-04-05-A,TRUE,red,
NC(=O)c1cc(Cl)ccc1NCc1nc(Cn2ccccc2=O)no1,CHIKV_Mac-DEDK,Fstein_pures_others_-2024-04-05-A,TRUE,red,
NC(=O)c1cc(Cl)ccc1CCc1nc(Cn2ccccc2=O)no1,CHIKV_Mac-6RV3,Fstein_pures_others_-2024-04-05-A,TRUE,red,
CNC(=O)c1c2c(cc3c1=NC=C3)=CC(C(=O)N[C@@H]1CCC(=O)NC1)=N2,CHIKV_Mac-CRTL,Fstein_pures_others_-2024-04-05-A,TRUE,red,
CNC(=O)C1=C2N=CC=C2C=S2C=C(C(=O)N[C@@H]3CCC(=O)NC3)N=C12,CHIKV_Mac-CMEZ,Fstein_pures_others_-2024-04-05-A,TRUE,red,
CNc1cnc2c(n1)[C@@]1(CCC2)N[C@H](C(=O)N[C@@H]2CCC(=O)NC2)CS1,CHIKV_Mac-ANJD,Fstein_pures_others_-2024-04-05-A,TRUE,red,
CN(C(=O)c1cccc2cc[nH]c12)c1nc(Cn2ccccc2=O)no1,CHIKV_Mac-59EY,Fstein_pures_others_-2024-04-05-A,TRUE,red,
C[C@H](C(=O)c1cccc2cc[nH]c12)c1nc(Cn2ccccc2=O)no1,CHIKV_Mac-A3VX,Fstein_pures_others_-2024-04-05-A,TRUE,red,
CNc1cnc2ccc([C@@H]3CCC[C@H]3CO)cc2n1,CHIKV_Mac-9E39,Fstein_pures_others_-2024-04-05-A,TRUE,red,
CNc1cnc2cc([C@@H](C)c3nc(Cn4ccccc4=O)no3)ccc2n1,CHIKV_Mac-9NR5,Fstein_pures_others_-2024-04-05-A,TRUE,red,
CNc1cnc2cc([C@@H](C)c3nc(Cn4ccccc4=O)no3)ccc2n1,CHIKV_Mac-65VJ,Fstein_pures_others_-2024-04-05-A,TRUE,red,
CN(C(=O)c1cn[nH]c1)[C@H]1C[C@H](O)NC[C@@H]1NC(=O)c1cscn1,CHIKV_Mac-7Y6V,Fstein_pures_others_-2024-04-05-A,TRUE,red,
CN(C(=O)c1cn[nH]c1)[C@H]1CC(=O)NC[C@@H]1NC(=O)c1cscn1,CHIKV_Mac-C7CM,Fstein_pures_others_-2024-04-05-A,TRUE,red,
CCc1nc(Cn2cc(N(C)C(=O)c3cn[nH]c3)ccc2=O)no1,CHIKV_Mac-54ML,Fstein_pures_others_-2024-04-05-A,TRUE,red,
CCc1nc(Cn2cc(N(C)C(=O)c3cn[nH]c3)ccc2=O)no1,CHIKV_Mac-4WZT,Fstein_pures_others_-2024-04-05-A,TRUE,red,
Cc1nsc(N[C@@H]2C[C@H](Oc3ccc(O)nc3)[C@H]2CO)n1,CHIKV_Mac-4TYF,Fstein_pures_others_-2024-04-05-A,TRUE,red,
O=C1CC[C@@H](NC(=O)[C@@H]2CS[C@@]3(CCNc4[nH]ccc43)N2)CN1,CHIKV_Mac-D6SS,Fstein_pures_others_-2024-04-05-A,TRUE,red,
O=C1CC[C@@H](NC(=O)[C@@H]2CS[C@]3(CCNc4[nH]ccc43)N2)CN1,CHIKV_Mac-5SDH,Fstein_pures_others_-2024-04-05-A,TRUE,red,
Cc1nc(N)ccc1O[C@@H]1CCC[C@H]1CO,CHIKV_Mac-4XNP,Fstein_pures_others_-2024-04-05-A,,,TRUE
CC(=O)N[C@@H]1C[C@H](NC(N)=O)CC[C@@]12CN[C@H](C(=O)N[C@@H]1CCC(=O)NC1)C2,CHIKV_Mac-7RHE,Fstein_pures_others_-2024-04-05-A,TRUE,red,
Cc1nc(N)ccc1Oc1nc(Cn2ccccc2=O)no1,CHIKV_Mac-VSWP,Fstein_pures_others_-2024-04-05-A,TRUE,red,
C[C@H](c1ccc(N)nc1)c1nc(Cn2ccccc2=O)no1,CHIKV_Mac-DM4F,Fstein_pures_others_-2024-04-05-A,TRUE,red,
NC(=O)Nc1cccc2c1OCc1nsc(N[C@@H]3CCC[C@H]3CO)c1-2,CHIKV_Mac-4U4U,Fstein_pures_others_-2024-04-05-A,TRUE,red,
OC[C@@H]1CCC[C@H]1Nc1cnc2[nH]ccc2c1,CHIKV_Mac-CSET,Fstein_pures_others_-2024-04-05-A,,,TRUE
NC(=O)Nc1cccc(NC(=O)CCc2nc(Cn3ccccc3=O)no2)c1,CHIKV_Mac-4X6S,Fstein_pures_others_-2024-04-05-A,TRUE,red,
NC(=O)Nc1cccc(NC(=O)CCc2nc(Cn3ccccc3=O)no2)c1,CHIKV_Mac-6VHG,Fstein_pures_others_-2024-04-05-A,TRUE,red,
C[C@H](c1cnc2[nH]ccc2c1)c1nc(Cn2ccccc2=O)no1,CHIKV_Mac-CX94,Fstein_pures_others_-2024-04-05-A,TRUE,red,
Cn1nccc1C(=O)NCN1CCNC1=O,CHIKV_Mac-C7RF,Fstein_pures_others_-2024-04-05-A,,,TRUE
CC[C@H](N)Nc1cccc([C@@H](CS)C(=O)N[C@@H]2CCC(=O)NC2)c1,CHIKV_Mac-CAEZ,Fstein_pures_others_-2024-04-05-A,TRUE,red,
O=C(N[C@H]1CN(CCO)C(=O)C[C@H]1Br)c1cscn1,CHIKV_Mac-6T4X,Fstein_pures_others_-2024-04-05-A,,,TRUE
CCc1nc(NC(=O)c2ccnc(NC3CC=CC3)c2)no1,CHIKV_Mac-STY5,Fstein_pures_others_-2024-04-05-A,,,TRUE
CCc1nc(Cn2ccc(Br)cc2=O)no1,CHIKV_Mac-9GJR,Fstein_pures_others_-2024-04-05-A,,,TRUE
CCc1nc(Cn2ccc(Br)cc2=O)no1,CHIKV_Mac-63WU,Fstein_pures_others_-2024-04-05-A,,,TRUE
CCc1nc(Cn2ccc(Cn3cnc4ccccc43)cc2=O)no1,CHIKV_Mac-DMNY,Fstein_pures_others_-2024-04-05-A,,,TRUE
CCc1nc(Cc2cc(Cn3cnc4ccccc43)ccc2C#N)no1,CHIKV_Mac-C57K,Fstein_pures_others_-2024-04-05-A,TRUE,red,
CCOc1ncccc1C(=O)N(C)c1ccc(=O)n(Cc2noc(CC)n2)c1,CHIKV_Mac-4PCS,Fstein_pures_others_-2024-04-05-A,TRUE,red,
CCOc1ncccc1C(=O)N(C)c1ccc(=O)n(Cc2noc(CC)n2)c1,CHIKV_Mac-6YCT,Fstein_pures_others_-2024-04-05-A,TRUE,red,
CCc1nc(CN2C[S@H]3C(=O)N(c4ccccc4F)C[C@H]3CC2=O)no1,CHIKV_Mac-5N5K,Fstein_pures_others_-2024-04-05-A,TRUE,red,
CN1C(=O)N(C)c2ncn(C)c2/C1=C\Cc1nc(Cn2ccccc2=O)no1,CHIKV_Mac-A9L6,Fstein_pures_others_-2024-04-05-A,TRUE,red,
O=c1ccccn1Cc1noc(CCc2nc3ccccc3[nH]2)n1,CHIKV_Mac-7MX4,Fstein_pures_others_-2024-04-05-A,TRUE,red,
O=c1ccccn1Cc1noc(CCc2nc3ccccc3[nH]2)n1,CHIKV_Mac-44CY,Fstein_pures_others_-2024-04-05-A,TRUE,red,
CCc1nc(Cn2cc(C)c(Cc3cnn(-c4ccccc4)c3)cc2=O)no1,CHIKV_Mac-4GWF,Fstein_pures_others_-2024-04-05-A,TRUE,red,
C[C@H](c1ccc(N)nc1)c1nc(Cn2ccccc2=O)no1,CHIKV_Mac-PSTZ,Fstein_pures_others_-2024-04-05-A,TRUE,red,
NC(=O)c1ccc(C(=O)N[C@@H]2CCC(=O)NC2)c(Cl)c1,CHIKV_Mac-UX6Y,Fstein_pures_others_-2024-04-05-A,TRUE,red,
NC(=O)c1scc(C(=O)N[C@@H]2CCC(=O)NC2)c1Cl,CHIKV_Mac-D4K5,Fstein_pures_others_-2024-04-05-A,TRUE,red,
C[C@@H](CCc1nc(Cn2ccccc2=O)no1)C(N)=NO,CHIKV_Mac-9WVW,Fstein_pures_others_-2024-04-05-A,TRUE,red,
C[C@@H](CCc1nc(Cn2ccccc2=O)no1)C(N)=NO,CHIKV_Mac-CNTN,Fstein_pures_others_-2024-04-05-A,,,TRUE
C[C@@H](c1nc(Cn2ccccc2=O)no1)c1cnc(N)c2ccccc12,CHIKV_Mac-5WFH,Fstein_pures_others_-2024-04-05-A,TRUE,red,
C[C@@H]1C[C@H](C)N[C@H]2[C@H]1C(=O)NN2CCc1nc(Cn2ccccc2=O)no1,CHIKV_Mac-44UT,Fstein_pures_others_-2024-04-05-A,TRUE,red,
Cc1cc(C)c2c(n1)C(CCc1nc(Cn3ccccc3=O)no1)=NC2=O,CHIKV_Mac-AWX4,Fstein_pures_others_-2024-04-05-A,TRUE,red,
O=c1ccccn1Cc1noc(C2=C(NCc3cccs3)c3ccnn3C2)n1,CHIKV_Mac-E4NV,Fstein_pures_others_-2024-04-05-A,TRUE,red,
CCc1nc(Cn2cc(N(C)C(=O)COc3cccc(F)c3)ccc2=O)no1,CHIKV_Mac-P5AC,Fstein_pures_others_-2024-04-05-A,TRUE,red,
CCc1nc(Cn2cc(N(C)C(=O)COc3cccc(F)c3)ccc2=O)no1,CHIKV_Mac-7XXW,Fstein_pures_others_-2024-04-05-A,TRUE,red,
C[C@@H](c1nc(Cn2ccccc2=O)no1)c1nccc2ccccc12,CHIKV_Mac-TUUX,Fstein_pures_others_-2024-04-05-A,TRUE,red,
CN(c1nc(Cn2ccccc2=O)no1)c1nccc2ccccc12,CHIKV_Mac-CMPU,Fstein_pures_others_-2024-04-05-A,TRUE,red,
O=c1ccccn1Cc1noc(CC[C@@H]2Cc3cc(CO)ccc3O2)n1,CHIKV_Mac-5ZV7,Fstein_pures_others_-2024-04-05-A,TRUE,red,
OC[C@@H]1CCC[C@H]1c1ccc2c(n1)CCCN2,CHIKV_Mac-7UGG,Fstein_pures_others_-2024-04-05-A,,,TRUE
C[C@H]1c2onc(Cn3ccccc3=O)c2O[C@@]12CC[C@@H]1N[C@H](N)S[C@@H]1C2,CHIKV_Mac-AJHY,Fstein_pures_others_-2024-04-05-A,TRUE,red,
Cn1cc(C(N)=O)c([C@@](C)(F)c2nc(Cn3ccccc3=O)no2)n1,CHIKV_Mac-6J97,Fstein_pures_others_-2024-04-05-A,,,TRUE
C[C@@H](c1nc(Cn2ccccc2=O)no1)c1cnc(N)cc1Br,CHIKV_Mac-5EHZ,Fstein_pures_others_-2024-04-05-A,TRUE,red,
CCc1nc(CN2C[C@@]3(CCN[C@H](CC4CCCCC4)C3=O)CCC2=O)no1,CHIKV_Mac-ARY9,Fstein_pures_others_-2024-04-05-A,TRUE,red,
C[C@H](c1cnc2[nH]ccc2c1)c1nc(Cn2ccccc2=O)no1,CHIKV_Mac-6NST,Fstein_pures_others_-2024-04-05-A,TRUE,red,
CN(CC(N)=O)c1snc(CCc2nc(Cn3ccccc3=O)no2)c1C#N,CHIKV_Mac-6P76,Fstein_pures_others_-2024-04-05-A,TRUE,red,
CN(CC(N)=O)c1snc(CCc2nc(Cn3ccccc3=O)no2)c1C#N,CHIKV_Mac-9WRT,Fstein_pures_others_-2024-04-05-A,TRUE,red,
CCc1nc(Cn2c(NC(=O)c3cscn3)cccc2=O)no1,CHIKV_Mac-94JT,Fstein_pures_others_-2024-04-05-A,,,TRUE
C[C@H](c1cnc(N)nc1)c1nc(Cn2ccccc2=O)no1,CHIKV_Mac-4X4F,Fstein_pures_others_-2024-04-05-A,TRUE,red,
C[C@H](c1cnc(N)nc1)c1nc(Cn2ccccc2=O)no1,CHIKV_Mac-4M4V,Fstein_pures_others_-2024-04-05-A,TRUE,red,
C[C@H](c1ccc(N)nc1)c1nc(Cn2ccccc2=O)no1,CHIKV_Mac-9GM9,Fstein_pures_others_-2024-04-05-A,TRUE,red,
C[C@@H](c1ccc(N)nc1)c1nc(Cn2ccccc2=O)no1,CHIKV_Mac-9NNM,Fstein_pures_others_-2024-04-05-A,TRUE,red,
CN(C)C(=O)CNC(=O)c1scnc1CCc1nc(Cn2ccccc2=O)no1,CHIKV_Mac-65T9,Fstein_pures_others_-2024-04-05-A,TRUE,red,
CN(C)C(=O)CNC(=O)c1scnc1CCc1nc(Cn2ccccc2=O)no1,CHIKV_Mac-AHDD,Fstein_pures_others_-2024-04-05-A,TRUE,red,
NC(=O)c1ccccc1CCc1nc(Cn2ccccc2=O)no1,CHIKV_Mac-5YLW,Fstein_pures_others_-2024-04-05-A,TRUE,red,
NC(=O)c1ccccc1OCc1nc(Cn2ccccc2=O)no1,CHIKV_Mac-6KX5,Fstein_pures_others_-2024-04-05-A,TRUE,red,
C[C@@H](c1nc(Cn2ccccc2=O)no1)c1noc2ccccc12,CHIKV_Mac-CEXR,Fstein_pures_others_-2024-04-05-A,TRUE,red,
O=c1ccccn1Cc1noc(CCc2cccc3nc[nH]c23)n1,CHIKV_Mac-5SN9,Fstein_pures_others_-2024-04-05-A,TRUE,red,
O=c1ccccn1Cc1noc(CCc2cccc3[nH]cnc23)n1,CHIKV_Mac-GLTM,Fstein_pures_others_-2024-04-05-A,TRUE,red,
CCc1nc(CN2CC[C@@]3(CC2=O)[C@@H](C)Oc2c(F)cccc2N3C(C)=O)no1,CHIKV_Mac-64ZR,Fstein_pures_others_-2024-04-05-A,TRUE,red,
CCc1nc(CN2CC[C@@]3(CC2=O)[C@@H](C)Oc2c(F)cccc2N3C(C)=O)no1,CHIKV_Mac-74YK,Fstein_pures_others_-2024-04-05-A,TRUE,red,
O=c1ccccn1Cc1noc(CCc2cnc3ccccc3c2)n1,CHIKV_Mac-466C,Fstein_pures_others_-2024-04-05-A,TRUE,red,
O=c1ccccn1Cc1noc(CNc2cnc3ccccc3c2)n1,CHIKV_Mac-793K,Fstein_pures_others_-2024-04-05-A,TRUE,red,
CCc1nc(CN2CC[C@@]3(CCc4nc(CO)n(C)c4C3)CC2=O)no1,CHIKV_Mac-4APS,Fstein_pures_others_-2024-04-05-A,TRUE,red,
C[C@@H](c1nc(Cn2ccccc2=O)no1)[C@H]1COc2cccc(CO)c2O1,CHIKV_Mac-7J5G,Fstein_pures_others_-2024-04-05-A,TRUE,red,
CS1(C)N[C@@H](NO)N[C@H]1N[C@@H]1CCC[C@H]1CO,CHIKV_Mac-6VKE,Fstein_pures_others_-2024-04-05-A,TRUE,red,
CCOc1ncccc1C(=O)N1/C=C(/c2cscn2)N[C@H]2CNC(=O)C[C@@H]2OC1,CHIKV_Mac-9HGE,Fstein_pures_others_-2024-04-05-A,TRUE,red,
CCOc1ncccc1C(=O)N1CO[C@H]2CC(=O)NC[C@@H]2N/C(c2cscn2)=N\1,CHIKV_Mac-49Y4,Fstein_pures_others_-2024-04-05-A,TRUE,red,
Cc1ncsc1C(=O)NCC(=O)N(C)OC(F)(F)Cn1ccnc1CC#N,CHIKV_Mac-CGZ3,Fstein_pures_others_-2024-04-05-A,TRUE,red,
Cc1ncsc1C(=O)NCC(=O)N(C)CC(F)(F)Cn1ccnc1CC#N,CHIKV_Mac-D5EV,Fstein_pures_others_-2024-04-05-A,TRUE,red,
COCc1cc(Cl)c2nc[nH]c2c1,CHIKV_Mac-6S6F,Fstein_pures_others_-2024-04-05-A,TRUE,red,
Oc1c(Cc2cccs2)cc2[nH]cnc2c1Cl,CHIKV_Mac-A7R3,Fstein_pures_others_-2024-04-05-A,TRUE,red,
O=C1CC[C@@H](NC(=O)c2csc3c(cc(Cl)c4ncnc43)n2)CN1,CHIKV_Mac-4LK9,Fstein_pures_others_-2024-04-05-A,TRUE,red,
CC[C@H](N)Nc1cccc([C@@H](CS)C(=O)N[C@@H]2CCC(=O)NC2)c1,CHIKV_Mac-CGN3,Fstein_pures_others_-2024-04-05-A,TRUE,red,
O=C(N[C@H]1CNC(=O)c2ccc(Cn3cnc4ccccc43)cc21)c1cscn1,CHIKV_Mac-DAEF,Fstein_pures_others_-2024-04-05-A,TRUE,red,
OC[C@@H]1CCC[C@H]1Nc1ccc2[nH]cnc2c1Cl,CHIKV_Mac-7VSR,Fstein_pures_others_-2024-04-05-A,TRUE,red,
O=C1C[C@@]2(CCN(c3ccccc3F)C2=O)[C@@H](NC(=O)c2cscn2)CN1,CHIKV_Mac-APTK,Fstein_pures_others_-2024-04-05-A,TRUE,red,
O=C1C[C@@]2(CCN(c3ccccc3F)C2=O)[C@H](CC(=O)c2cscn2)CN1,CHIKV_Mac-7P7R,Fstein_pures_others_-2024-04-05-A,TRUE,red,
O=C(N[S@@H]1CCC(=O)N(CCO)C1)c1cscn1,CHIKV_Mac-6XSU,Fstein_pures_others_-2024-04-05-A,,,TRUE
O=C1CC[C@@H](NC(=O)[C@@H]2CS[C@@]3(N2)C2=C(CC[C@H]3O)OCO2)CN1,CHIKV_Mac-4T7A,Fstein_pures_others_-2024-04-05-A,TRUE,red,
O=C1CC[C@@H](NC(=O)[C@@H]2CS[C@@]3(N2)C2=C(CC[C@@H]3O)OCO2)CN1,CHIKV_Mac-4JSE,Fstein_pures_others_-2024-04-05-A,TRUE,red,
O=C1C[C@@H]2O[C@@H](c3cnn(-c4ccccc4)c3)NN(C(=O)c3cscn3)[C@H]2CN1,CHIKV_Mac-4HLY,Fstein_pures_others_-2024-04-05-A,TRUE,red,
N[C@H]1C[C@@]2(CCN1)N[C@H](C(=O)N[C@@H]1CCC(=O)NC1)CS2,CHIKV_Mac-MY9C,Fstein_pures_others_-2024-04-05-A,TRUE,red,
Cn1nccc1C(=O)c1cscc1[C@](O)(N[C@@H]1CCC(=O)NC1)c1cccs1,CHIKV_Mac-7CGY,Fstein_pures_others_-2024-04-05-A,,,TRUE
Cn1nccc1C(=O)c1cscc1[C@](O)(N[C@@H]1CCC(=O)NC1)c1cccs1,CHIKV_Mac-4UNS,Fstein_pures_others_-2024-04-05-A,,,TRUE
CN(C(=O)COc1cccc(F)c1)[C@H]1CC(=O)NC[C@@H]1NC(=O)c1cscn1,CHIKV_Mac-4VVA,Fstein_pures_others_-2024-04-05-A,TRUE,red,
CN[C@H]1NCCC[C@@]12N[C@H](C(=O)N[C@@H]1CCC(=O)NC1)CS2,CHIKV_Mac-CUEF,Fstein_pures_others_-2024-04-05-A,TRUE,red,
CNc1nccc2ccc(C(=O)N[C@@H]3CCC(=O)NC3)cc12,CHIKV_Mac-96H3,Fstein_pures_others_-2024-04-05-A,TRUE,red,
O=C1CC[C@@H](NC(=O)[C@@H]2CS[C@@]3(N2)C2=C(CC[C@H]3CO)OCC2)CN1,CHIKV_Mac-4NPM,Fstein_pures_others_-2024-04-05-A,TRUE,red,
O=C1CC[C@@H](NC(=O)[C@@H]2CS[C@@]3(N2)C2=C(CC[C@@H]3CO)OCC2)CN1,CHIKV_Mac-7XWR,Fstein_pures_others_-2024-04-05-A,TRUE,red,
NS(=O)(=O)c1nccn1-c1nc(C(=O)N[C@@H]2CCC(=O)NC2)cs1,CHIKV_Mac-D6J6,Fstein_pures_others_-2024-04-05-A,TRUE,red,
NS(=O)(=O)c1nccn1-c1nc(C(=O)N[C@@H]2CCC(=O)NC2)cs1,CHIKV_Mac-D75R,Fstein_pures_others_-2024-04-05-A,TRUE,red,
N[S@@](=O)(=N[C@@H]1CCC[C@H]1CO)c1ncc[nH]1,CHIKV_Mac-5AXY,Fstein_pures_others_-2024-04-05-A,,,TRUE
CC1=NC(=O)c2c(C)cc(Cc3cccs3)c(O)c21,CHIKV_Mac-4KHJ,Fstein_pures_others_-2024-04-05-A,,,TRUE
C[C@H]1C=C(Cc2cccs2)N(O)[C@@H]2[C@@H]1CNN2C,CHIKV_Mac-AM4C,Fstein_pures_others_-2024-04-05-A,,,TRUE
O=c1ccccn1Cc1noc(Cc2ncc[nH]2)n1,CHIKV_Mac-5SU5,Fstein_pures_others_-2024-04-05-A,,,TRUE
Nc1nc2c(s1)[C@@]1(N[C@H](C(=O)N[C@@H]3CCC(=O)NC3)CS1)[C@H](F)CC2,CHIKV_Mac-73K6,Fstein_pures_others_-2024-04-05-A,TRUE,red,
NC(=O)c1scc(C(=O)N[C@@H]2CCC(=O)NC2)c1C(F)F,CHIKV_Mac-4HE6,Fstein_pures_others_-2024-04-05-A,TRUE,red,
NC1=C[C@]2(C=CN1)C[C@H](C(=O)N[C@@H]1CCC(=O)NC1)CS2,CHIKV_Mac-AJEA,Fstein_pures_others_-2024-04-05-A,TRUE,red,
CC1=NC(=O)c2c(C)cc(C(=O)N[C@@H]3CCC(=O)NC3)nc21,CHIKV_Mac-DF3P,Fstein_pures_others_-2024-04-05-A,,,TRUE
Nc1nccc(-c2nc(C(=O)N[C@@H]3CCC(=O)NC3)cs2)n1,CHIKV_Mac-7YW5,Fstein_pures_others_-2024-04-05-A,TRUE,red,
C[C@H]1CN[C@H](N)C[C@]12N[C@H](C(=O)N[C@@H]1CCC(=O)NC1)CS2,CHIKV_Mac-436T,Fstein_pures_others_-2024-04-05-A,TRUE,red,
CC1=C([C@@H](CO)n2cnc3c2c(=O)n(C)c(=O)n3C)C(=O)N=N1,CHIKV_Mac-AM57,Fstein_pures_others_-2024-04-05-A,TRUE,red,
Cc1nsc(N[C@@H]2c3cscc3[C@](O)(N[C@@H]3CCC(=O)NC3)C[C@H]2CO)n1,CHIKV_Mac-AXP9,Fstein_pures_others_-2024-04-05-A,TRUE,red,
C[C@H]1N[C@H](N)C[C@@]2(N[C@H](C(=O)N[C@@H]3CCC(=O)NC3)CS2)[C@@H]1Br,CHIKV_Mac-APFV,Fstein_pures_others_-2024-04-05-A,TRUE,red,
CN1N[C@H]2[C@H](CCC[C@@H]2NC(N)=O)[C@H]1C(=O)NCc1cccs1,CHIKV_Mac-6WET,Fstein_pures_others_-2024-04-05-A,TRUE,red,
N[C@@H]1C[C@H]2C[C@@H](Cc3cccs3)CCN2N1,CHIKV_Mac-6U5A,Fstein_pures_others_-2024-04-05-A,TRUE,red,
O=C1CC[C@@H](NC(=O)[C@@H]2CS[C@@]3(C[C@@H](Cl)c4nc[nH]c43)N2)CN1,CHIKV_Mac-4EGN,Fstein_pures_others_-2024-04-05-A,TRUE,red,
Cn1nc2ccccc2c1C(=O)NCc1cccs1,CHIKV_Mac-7RMV,Fstein_pures_others_-2024-04-05-A,,,TRUE
Cc1nc2ccccc2n1C(=O)NCc1cccs1,CHIKV_Mac-5J4H,Fstein_pures_others_-2024-04-05-A,,,TRUE
Cn1c(CO)nc2c1C[C@]1(CC2)CC(=O)NC[C@@H]1NC(=O)c1cscn1,CHIKV_Mac-AWT5,Fstein_pures_others_-2024-04-05-A,TRUE,red,
O=C1CC[C@@H](NC(=O)[C@@H]2C[S@@H](O)[C@]3(CCCC4=C3OCCO4)N2)CN1,CHIKV_Mac-AM7L,Fstein_pures_others_-2024-04-05-A,TRUE,red,
c1csc(CNc2cccc3[nH]ccc23)c1,CHIKV_Mac-7JF7,Fstein_pures_others_-2024-04-05-A,TRUE,red,
O=C(NCc1cccs1)C1=C(CO)C=NOC=C1,CHIKV_Mac-CMFJ,Fstein_pures_others_-2024-04-05-A,TRUE,red,
CC1=C([C@@H](CO)c2ccc3nc(N)sc3c2)C(=O)N=N1,CHIKV_Mac-CJ3X,Fstein_pures_others_-2024-04-05-A,TRUE,red,
Nc1ncc(N[C@@H]2CCC[C@H]2CO)cn1,CHIKV_Mac-6RFY,Fstein_pures_others_-2024-04-05-A,TRUE,red,
Nc1cc2c(NCc3cccs3)cccn2n1,CHIKV_Mac-CTAZ,Fstein_pures_others_-2024-04-05-A,TRUE,red,
CN1NCCCO[C@@H]1C(=O)NCc1cccs1,CHIKV_Mac-A5XV,Fstein_pures_others_-2024-04-05-A,TRUE,red,
CN1c2cnn(C)c2C(=O)N(Cc2cccs2)O[C@H]1C(N)=O,CHIKV_Mac-7RDF,Fstein_pures_others_-2024-04-05-A,TRUE,red,
Cc1nsc2c1[C@@H](N)N(Cc1cccs1)O[C@@H](C(N)=O)N2C,CHIKV_Mac-7T6D,Fstein_pures_others_-2024-04-05-A,TRUE,red,
Nc1cc2ccccc2c(Cc2cccs2)c1O,CHIKV_Mac-5AZN,Fstein_pures_others_-2024-04-05-A,TRUE,red,
Cn1nc2ccccc2c1C(=O)NCc1cccs1,CHIKV_Mac-9FVS,Fstein_pures_others_-2024-04-05-A,TRUE,red,
Cn1nc(N)cc1C(=O)NCc1cccs1,CHIKV_Mac-5Z5S,Fstein_pures_others_-2024-04-05-A,TRUE,red,
CN(C)C1=C(c2cccs2)N(C(=O)c2ccnn2C)NC1,CHIKV_Mac-NWCM,Fstein_pures_others_-2024-04-05-A,,,TRUE
Cc1ncsc1[C@H](N=O)NC/C(=N\c1cccs1)N(C)C,CHIKV_Mac-C7WH,Fstein_pures_others_-2024-04-05-A,TRUE,red,
CC(C)c1c(N)nn2cccc(NCc3cccs3)c12,CHIKV_Mac-PFD4,Fstein_pures_others_-2024-04-05-A,TRUE,red,
Nc1cc2c3c(cccc3c1)C=C(C(=O)N[C@@H]1CCC(=O)NC1)N2,CHIKV_Mac-CRRU,Fstein_pures_others_-2024-04-05-A,TRUE,red,
Cn1nccc1/C(=N/c1nc(Cn2ccccc2=O)no1)NCc1cccs1,CHIKV_Mac-DGX3,Fstein_pures_others_-2024-04-05-A,TRUE,red,
Nc1cc2ccccc2nc1N[C@@H]1CCC[C@H]1CO,CHIKV_Mac-5YA9,Fstein_pures_others_-2024-04-05-A,TRUE,red,
Nc1ccc(C[C@@H]2CCC[C@H]2CO)cn1,CHIKV_Mac-4Z7H,Fstein_pures_others_-2024-04-05-A,,,TRUE
Nc1nc2cccc(NCc3cccs3)c2s1,CHIKV_Mac-5LTT,Fstein_pures_others_-2024-04-05-A,TRUE,red,
CCOc1ncccc1C(=O)N(C)CN(C)C(=O)CNC(=O)c1scnc1C,CHIKV_Mac-AU3R,Fstein_pures_others_-2024-04-05-A,TRUE,red,
Cc1ncsc1C(=O)NCC(=O)N(C)c1cnccc1CCNC(=O)c1ccccc1F,CHIKV_Mac-JDVU,Fstein_pures_others_-2024-04-05-A,TRUE,red,
C[C@H]1CN[C@H]2[C@H]1[C@@H]1NCCN1[C@@H]1C[C@H](NC(N)=O)CCN12,CHIKV_Mac-7VZZ,Fstein_pures_others_-2024-04-05-A,TRUE,red,
C/C1=C/C=C\c2c(ncn2C)N(C)C1=O,CHIKV_Mac-CSMA,Fstein_pures_others_-2024-04-05-A,TRUE,red,
CCNn1cc(N(CNC)OC)n(C)c1=O,CHIKV_Mac-7PLC,Fstein_pures_others_-2024-04-05-A,TRUE,red,
CN1C(=O)N(C)N2[C@H]1N[C@@H](Cc1cccs1)N2C,CHIKV_Mac-7A6X,Fstein_pures_others_-2024-04-05-A,TRUE,red,
CN(C=O)C(=O)N(CCC(N)=O)c1cn(C)cn1,CHIKV_Mac-NAHC,Fstein_pures_others_-2024-04-05-A,TRUE,red,
Cn1c(=O)c2c(nc(C(=O)N[C@@H]3CCC(=O)NC3)n2C)n(C)c1=O,CHIKV_Mac-VRRF,Fstein_pures_others_-2024-04-05-A,TRUE,red,
COCC1=c2cccc3c2=C(C(N)=N3)N(C)O1,CHIKV_Mac-5PWH,Fstein_pures_others_-2024-04-05-A,TRUE,red,
CC(C)n1c(N)nc2cccc(NCc3cccs3)c21,CHIKV_Mac-6VZV,Fstein_pures_others_-2024-04-05-A,TRUE,red,
Cn1c(=O)n(C)c2ncn(C)c2/c1=N\Cc1nc(Cn2ccccc2=O)no1,CHIKV_Mac-5VYP,Fstein_pures_others_-2024-04-05-A,TRUE,red,
CN1CN[C@H]2[C@H]1[C@H](C(N)=O)N(C)C(=O)N2C,CHIKV_Mac-FZYA,Fstein_pures_others_-2024-04-05-A,TRUE,red,
CC(C)n1c(N)nc2ccc(N[C@@H]3CCC[C@H]3CO)cc21,CHIKV_Mac-4UTT,Fstein_pures_others_-2024-04-05-A,TRUE,red,
CNCNc1cc(OCO)c(C)cc1-c1cc[nH]n1,CHIKV_Mac-CYCC,Fstein_pures_others_-2024-04-05-A,TRUE,red,
COCc1c(-c2ccn[nH]2)cc(N)c2c1OCO2,CHIKV_Mac-AGZS,Fstein_pures_others_-2024-04-05-A,TRUE,red,
Cc1nsc(N(C)CC(N)=O)c1C#C[C@@H]1CC[C@@H](CO)C1,CHIKV_Mac-CPNE,Fstein_pures_others_-2024-04-05-A,TRUE,red,
O=C(NCc1cccs1)c1c(-c2ccn[nH]2)ccc2c1OCO2,CHIKV_Mac-9GEP,Fstein_pures_others_-2024-04-05-A,TRUE,red,
OCc1ccc2c3c1C(NCc1cccs1)=N[C@H]3CO2,CHIKV_Mac-49X5,Fstein_pures_others_-2024-04-05-A,TRUE,red,
O=C1CC[C@@H](NC(=O)[C@@H]2C[C@]3(CCNN3)c3ccc4c(c3N2)OCO4)CN1,CHIKV_Mac-9ZJ3,Fstein_pures_others_-2024-04-05-A,TRUE,red,
OC[C@@H]1CCC[C@H]1NN1COc2ccc(-c3cc[nH]n3)cc21,CHIKV_Mac-9D3F,Fstein_pures_others_-2024-04-05-A,,,TRUE
O=C1CC[C@@H](NC(=O)c2cnc(-c3ccncc3)[nH]2)CN1,CHIKV_Mac-4FVN,Fstein_pures_others_-2024-04-05-A,,,TRUE
CCNc1nc([C@@H](CC)CO)nc2cnccc12,CHIKV_Mac-TUK3,Fstein_pures_others_-2024-04-05-A,TRUE,red,
O=c1ccccn1Cc1noc(CC[C@@H]2Cc3cc(CO)ccc3O2)n1,CHIKV_Mac-4GA7,Fstein_pures_others_-2024-04-05-A,,,TRUE
C[C@@H](N)Nc1cccc(C[C@H](N)C(=O)N[C@@H]2CCC(=O)NC2)c1,CHIKV_Mac-AKVD,Fstein_pures_others_-2024-04-05-A,TRUE,red,
Cc1nc2ccccc2n1N[C@@H]1CCC[C@H]1CO,CHIKV_Mac-7TRC,Fstein_pures_others_-2024-04-05-A,TRUE,red,
NC(=O)N1CCN(C(=O)c2ccco2)C[C@H]1NC(=O)c1cscn1,CHIKV_Mac-DNYD,Fstein_pures_others_-2024-04-05-A,TRUE,red,
NC(=O)c1ccc(C(=O)N[C@@H]2CCC(=O)NC2)cc1O,CHIKV_Mac-7V5K,Fstein_pures_others_-2024-04-05-A,,,TRUE
O=C(NCc1cccs1)c1c(O)ccc2c1OCO2,CHIKV_Mac-5KPW,Fstein_pures_others_-2024-04-05-A,TRUE,red,
Cn1cc(C(N)=O)c([C@@](C)(F)c2nc(Cn3ccccc3=O)no2)n1,CHIKV_Mac-4RXS,Fstein_frag_pair_pur-2024-04-05-A,TRUE,red,
Cn1cc(C(N)=O)c(C(F)(F)c2nc(Cn3ccccc3=O)no2)n1,CHIKV_Mac-6AKN,Fstein_frag_pair_pur-2024-04-05-A,TRUE,red,
Cc1c(N)nn2cccc(NCc3cccs3)c12,CHIKV_Mac-55FW,Fstein_frag_pair_pur-2024-04-05-A,TRUE,red,
CC1=C([C@@H](CO)OCc2c[nH]c3nccc-3c2)C(=O)N=N1,CHIKV_Mac-7VND,Fstein_frag_pair_pur-2024-04-05-A,TRUE,red,
Cc1nsc(N[C@@H]2CCC[C@]23CS[C@@H](c2nc[nH]n2)N3)n1,CHIKV_Mac-DKPL,Fstein_frag_pair_pur-2024-04-05-A,,,TRUE
C[C@H](c1cnc2[nH]ccc2c1)c1nc(Cn2ccccc2=O)no1,CHIKV_Mac-6SLV,Fstein_frag_pair_pur-2024-04-05-A,TRUE,red,
N[C@@H](c1nccc(O)n1)[C@H]1CS(=O)(=O)C[C@H]1O,CHIKV_Mac-4Z9W,Fstein_frag_pair_pur-2024-04-05-A,TRUE,red,
C[C@H](c1ccc(N)nc1)c1nc(Cn2ccccc2=O)no1,CHIKV_Mac-DCRT,Fstein_frag_pair_pur-2024-04-05-A,TRUE,red,
C[C@@H](c1ccc(N)nc1)c1nc(Cn2ccccc2=O)no1,CHIKV_Mac-9AUL,Fstein_frag_pair_pur-2024-04-05-A,TRUE,red,
O=S1(=O)CC[C@]2(C1)NN[C@H](c1nccs1)N2,CHIKV_Mac-A7AN,Fstein_frag_pair_pur-2024-04-05-A,TRUE,red,
Cn1nccc1C(=O)NC[C@@H]1CC[C@@]2(NCNN2)S1,CHIKV_Mac-4LLX,Fstein_frag_pair_pur-2024-04-05-A,TRUE,red,
